smiles,y_true,y_pred,abs_error
c1ccc2cc3cc4ccccc4cc3cc2c1,-8.600000381469727,-6.990385055541992,1.6096153259277344
CC34CCC1C(=CCc2cc(O)ccc12)C3CCC4=O,-5.2820000648498535,-3.862102508544922,1.4198975563049316
Cc1ccc(OP(=O)(Oc2cccc(C)c2)Oc3ccccc3C)cc1,-6.010000228881836,-5.901109218597412,0.10889101028442383
CC1OC(CC(O)C1O)OC2C(O)CC(OC2C)OC8C(O)CC(OC7CCC3(C)C(CCC4C3CC(O)C5(C)C(CCC45O)C6=CC(=O)OC6)C7)OC8C ,-4.080999851226807,-4.330020904541016,0.24902105331420898
CC1OC(CC(O)C1O)OC2C(O)CC(OC2C)OC8C(O)CC(OC7CCC3(C)C(CCC4C3CCC5(C)C(CCC45O)C6=CC(=O)OC6)C7)OC8C ,-5.293000221252441,-4.733954429626465,0.5590457916259766
CC1CC2C3CC(F)C4=CC(=O)C=CC4(C)C3(F)C(O)CC2(C)C1(O)C(=O)CO,-5.61299991607666,-3.4114339351654053,2.201565980911255
CC4CC3C2CCC1=CC(=O)C=CC1(C)C2(F)C(O)CC3(C)C4(O)C(=O)COC(C)=O ,-4.900000095367432,-3.728487014770508,1.1715130805969238
CC(=O)OCC(=O)C3(O)CCC4C2CCC1=CC(=O)C=CC1(C)C2C(O)CC34C ,-4.369999885559082,-3.5518431663513184,0.8181567192077637
CCCCC(=O)OC3(C(C)CC4C2CCC1=CC(=O)C=CC1(C)C2(F)C(O)CC34C)C(=O)CO,-4.710000038146973,-4.267294406890869,0.4427056312561035
CC34CC(O)C1(F)C(CCC2=CC(=O)C=CC12C)C3CC(O)C4(O)C(=O)CO,-3.680000066757202,-2.7834866046905518,0.8965134620666504
CC12CC(O)C3C(CCC4=CC(=O)C=CC34C)C2CCC1(O)C(=O)CO,-3.180000066757202,-3.1579933166503906,0.022006750106811523
CC1CC2C3CCC4=CC(=O)C=CC4(C)C3(F)C(O)CC2(C)C1(O)C(=O)CO,-3.5899999141693115,-3.2700657844543457,0.3199341297149658
CC(=O)OCC(=O)C3(O)C(CC4C2CCC1=CC(=O)C=CC1(C)C2(F)C(O)CC34C)OC(C)=O ,-4.130000114440918,-3.560626983642578,0.5693731307983398
CC1CC2C3CCC(O)(C(=O)C)C3(C)CC(O)C2(F)C4(C)C=CC(=O)C=C14,-4.098999977111816,-3.7776083946228027,0.32139158248901367
c1ccc2c3c(ccc2c1)c4cccc5cccc3c45,-8.0,-7.604128360748291,0.395871639251709
CC1=CCC(CC1)C(C)=C,-4.260000228881836,-3.7900407314300537,0.4699594974517822
C1CCC=CC1,-2.5899999141693115,-2.245253562927246,0.34474635124206543
CC1=CCCCC1,-3.2699999809265137,-2.7480785846710205,0.5219213962554932
c1ccc2c(c1)c3cccc4cccc2c34,-6.0,-5.983341693878174,0.016658306121826172
O=C2NC(=O)C1(CCCCCC1)C(=O)N2 ,-3.1679999828338623,-2.6245651245117188,0.5434348583221436
CCN2c1ccccc1N(C)C(=O)c3cccnc23 ,-3.3239998817443848,-3.6467580795288086,0.32275819778442383
CCN2c1cc(N(C)C)cc(C)c1NC(=O)c3cccnc23 ,-4.870999813079834,-3.9376022815704346,0.9333975315093994
CCN2c1cc(OC)cc(C)c1NC(=O)c3cccnc23 ,-5.1529998779296875,-3.9220943450927734,1.230905532836914
CCN2c1cc(Cl)ccc1NC(=O)c3cccnc23 ,-5.360000133514404,-4.00093412399292,1.3590660095214844
C1Cc2cccc3cccc1c23,-4.630000114440918,-4.179040908813477,0.4509592056274414
CC(C)C1CCC(C)CC1=O,-2.3499999046325684,-3.580810308456421,1.2308104038238525
O=C1CCCCC1,-0.6000000238418579,-1.9267321825027466,1.3267321586608887
c1ccc2c(c1)c3cccc4ccc5cccc2c5c43,-7.800000190734863,-7.98511266708374,0.18511247634887695
c1cnc2c(c1)ccc3ncccc23,-2.680000066757202,-2.7705886363983154,0.09058856964111328
CC1=C(C(=O)Nc2ccccc2)S(=O)(=O)CCO1,-2.2809998989105225,-2.452592372894287,0.17159247398376465
Clc1ccc(CN(C2CCCC2)C(=O)Nc3ccccc3)cc1,-5.914999961853027,-5.6031036376953125,0.31189632415771484
CCC1(C(=O)NC(=O)NC1=O)C2=CCC3CCC2C3,-2.696000099182129,-3.2393312454223633,0.5433311462402344
CC34CCC1C(CCc2cc(O)ccc12)C3CCC4(O)C#C ,-4.300000190734863,-3.8840134143829346,0.4159867763519287
CC34CCC1C(CCc2cc(O)ccc12)C3CC(O)C4O ,-4.954999923706055,-2.990065336227417,1.9649345874786377
CC12CCC3C(CCc4cc(O)ccc34)C2CCC1O,-5.03000020980835,-3.6095802783966064,1.4204199314117432
c2ccc1nc(ccc1c2)c4ccc3ccccc3n4 ,-5.400000095367432,-5.308139324188232,0.09186077117919922
OC1CCCCCC1,-0.8799999952316284,-1.7493516206741333,0.8693516254425049
C1CCCCCC1,-3.509999990463257,-3.2272164821624756,0.28278350830078125
CN2C(=O)CN=C(c1ccccc1)c3cc(Cl)ccc23,-3.753999948501587,-4.354534149169922,0.600534200668335
Clc1ccccc1C2=NCC(=O)Nc3ccc(cc23)N(=O)=O,-3.499000072479248,-4.764772891998291,1.265772819519043
O=C3CN=C(c1ccccc1)c2cc(ccc2N3)N(=O)=O,-3.7960000038146973,-4.108015537261963,0.3120155334472656
OC3N=C(c1ccccc1)c2cc(Cl)ccc2NC3=O ,-3.9519999027252197,-3.4579241275787354,0.4940757751464844
CN2C(=O)CN=C(c1ccccc1)c3cc(ccc23)N(=O)=O,-3.7960000038146973,-4.2119340896606445,0.41593408584594727
OC3N=C(c1ccccc1Cl)c2cc(Cl)ccc2NC3=O,-3.6040000915527344,-4.024465084075928,0.42046499252319336
CN(C)C(=O)NC1CC2CC1C3CCCC23,-3.1710000038146973,-3.328946352005005,0.15794634819030762
Nc1c(C)c[nH]c(=O)n1 ,-1.4579999446868896,-1.1830562353134155,0.2749437093734741
Nc1nc(=O)[nH]cc1F,-0.972000002861023,-1.1535078287124634,0.18150782585144043
Nc1cc[nH]c(=O)n1 ,-1.1549999713897705,-0.7826353311538696,0.3723646402359009
ClC1CC2C(C1Cl)C3(Cl)C(=C(Cl)C2(Cl)C3(Cl)Cl)Cl,-6.860000133514404,-7.140856742858887,0.2808566093444824
Cc1occc1C(=O)Nc2ccccc2,-3.299999952316284,-2.6165246963500977,0.6834752559661865
OC1C=CC2C1C3(Cl)C(=C(Cl)C2(Cl)C3(Cl)Cl)Cl ,-5.460000038146973,-4.804905414581299,0.6550946235656738
ClC2=C(Cl)C3(Cl)C1C=CCC1C2(Cl)C3(Cl)Cl ,-5.639999866485596,-6.035786151885986,0.3957862854003906
ClC1C=CC2C1C3(Cl)C(=C(Cl)C2(Cl)C3(Cl)Cl)Cl,-6.316999912261963,-6.459300994873047,0.14230108261108398
ClC1(C2(Cl)C3(Cl)C4(Cl)C5(Cl)C1(Cl)C3(Cl)Cl)C5(Cl)C(Cl)(Cl)C24Cl,-6.800000190734863,-8.915247917175293,2.1152477264404297
Nc1nc(O)nc2nc[nH]c12 ,-3.4010000228881836,-0.8946969509124756,2.506303071975708
Nc1ncnc2nc[nH]c12 ,-2.119999885559082,-0.7066084146499634,1.4133914709091187
c2ccc1ocnc1c2,-1.159999966621399,-2.207078695297241,1.0470787286758423
Nc1nc[nH]n1,0.5220000147819519,0.28307169675827026,0.23892831802368164
CCOP(=S)(OCC)Oc1nc(Cl)n(n1)C(C)C,-3.6579999923706055,-3.806339740753174,0.14833974838256836
CC3C2CCC1(C)C=CC(=O)C(=C1C2OC3=O)C,-3.0899999141693115,-4.010810375213623,0.9208104610443115
Cc1cccc(C)c1NC(=O)c2cc(c(Cl)cc2O)S(N)(=O)=O,-3.7899999618530273,-3.529552936553955,0.26044702529907227
Oc1ccc(Cl)cc1C(=O)Nc2ccc(cc2Cl)N(=O)=O,-4.699999809265137,-4.137547016143799,0.5624527931213379
c1ccccc1NC(=O)c2c(O)cccc2,-3.5899999141693115,-2.479656457901001,1.1103434562683105
c1c(NC(=O)c2ccccc2(I))cccc1,-4.210000038146973,-3.9469387531280518,0.2630612850189209
Oc1ccc(c(O)c1)c3oc2cc(O)cc(O)c2c(=O)c3O ,-3.0829999446868896,-2.004110336303711,1.0788896083831787
CC(=C)C1CC=C(C)C(=O)C1,-2.059999942779541,-2.7622768878936768,0.7022769451141357
CC1=CC(=O)CC(C)(C)C1 ,-1.059999942779541,-3.187668561935425,2.127668619155884
CN(C)C(=O)OC1=CC(=O)CC(C)(C)C1 ,-0.8500000238418579,-2.569497585296631,1.719497561454773
Fc1cccc(F)c1C(=O)NC(=O)Nc2cc(Cl)c(F)c(Cl)c2F ,-7.28000020980835,-6.593573093414307,0.686427116394043
Fc1cccc(F)c1C(=O)NC(=O)Nc2ccc(Cl)cc2,-6.019999980926514,-4.606595516204834,1.4134044647216797
C1CCC2CCCCC2C1,-5.190000057220459,-4.384897708892822,0.8051023483276367
CC34CCC1C(CCC2=CC(=O)CCC12C)C3CCC4=O,-3.690000057220459,-4.9096245765686035,1.2196245193481445
CC(C)(C)C(=O)C(Oc1ccc(Cl)cc1)n2cncn2,-3.609999895095825,-2.8628547191619873,0.7471451759338379
CCCCNC(=O)n1c(NC(=O)OC)nc2ccccc12,-4.882999897003174,-3.824655771255493,1.0583441257476807
CC=C(C(=CC)c1ccc(O)cc1)c2ccc(O)cc2,-4.949999809265137,-3.1681201457977295,1.7818796634674072
O=C2NC(=O)C1(CCCC1)C(=O)N2,-2.3489999771118164,-2.1954598426818848,0.15354013442993164
CC2Cc1ccccc1N2NC(=O)c3ccc(Cl)c(c3)S(N)(=O)=O ,-3.5859999656677246,-4.273622989654541,0.6876230239868164
C1OC1c2ccccc2 ,-1.600000023841858,-2.517249822616577,0.9172497987747192
C1CCc2ccccc2C1,-4.369999885559082,-3.6607301235198975,0.7092697620391846
Oc2ccc1CCCCc1c2 ,-1.9900000095367432,-2.4555277824401855,0.4655277729034424
CC(=O)OC3(CCC4C2CCC1=CC(=O)CCC1C2CCC34C)C#C,-4.800000190734863,-5.48087739944458,0.6808772087097168
CC12CCC3C(CCC4=CC(=O)CCC34C)C2CCC1C(=O)CO,-3.450000047683716,-4.507627010345459,1.0576269626617432
CC1(O)CCC2C3CCC4=CC(=O)CCC4(C)C3CCC21C,-3.999000072479248,-4.637789726257324,0.6387896537780762
CC(=O)OCC(=O)C3CCC4C2CCC1=CC(=O)CCC1(C)C2CCC34C ,-4.630000114440918,-5.3123674392700195,0.6823673248291016
CC12CCC3C(CCC4=CC(=O)CCC34C)C2CCC1O,-4.019999980926514,-4.336062908172607,0.31606292724609375
CCC(=O)OC3CCC4C2CCC1=CC(=O)CCC1(C)C2CCC34C ,-5.369999885559082,-5.675391674041748,0.305391788482666
CC(=O)C1(O)CCC2C3CCC4=CC(=O)CCC4(C)C3CCC21C,-3.816999912261963,-4.232616424560547,0.415616512298584
CC(=O)OC3CCC4C2CCC1=CC(=O)CCC1(C)C2CCC34C ,-5.184000015258789,-5.287137508392334,0.10313749313354492
CC13CCC(=O)C=C1CCC4C2CCC(C(=O)CO)C2(CC(O)C34)C=O ,-3.8499999046325684,-3.5829973220825195,0.26700258255004883
CC12CC(O)C3C(CCC4=CC(=O)CCC34C)C2CCC1(O)C(=O)CO,-3.0899999141693115,-3.097705125808716,0.007705211639404297
CC(=O)C1CCC2C3CCC4=CC(=O)CCC4(C)C3CCC12C,-4.420000076293945,-5.917302131652832,1.4973020553588867
CC(=O)OC3(C)CCC4C2CCC1=CC(=O)CCC1(C)C2CCC34C ,-5.283999919891357,-5.110607147216797,0.17339277267456055
CC34CCC1C(CCC2=CC(=O)CCC12O)C3CCC4(O)C#C,-4.570000171661377,-3.700335741043091,0.8696644306182861
CC12CCC(=O)C=C1CCC3C2CCC4(C)C3CCC4(O)C#C ,-5.659999847412109,-4.719646453857422,0.9403533935546875
CC34CC(O)C1(F)C(CCC2=CC(=O)CCC12C)C3CCC4(O)C(=O)CO ,-3.430000066757202,-2.989305257797241,0.44069480895996094
CC12CC(O)C3C(CCC4=CC(=O)CCC34C)C2CCC1C(=O)CO,-3.240000009536743,-3.570664167404175,0.33066415786743164
CC(=O)OCC(=O)C1(O)CCC2C3CCC4=CC(=O)CCC4(C)C3C(O)CC21C,-4.880000114440918,-3.3341546058654785,1.5458455085754395
CC1(C)CON(Cc2ccccc2Cl)C1=O,-2.3380000591278076,-3.0277397632598877,0.6897397041320801
C1CCOC1,0.49000000953674316,-0.7619450688362122,1.2519450783729553
CC1CCCO1,0.10999999940395355,-1.009722113609314,1.1197221130132675
OCC1OC(O)(CO)C(O)C1O,0.6399999856948853,0.5929977297782898,0.04700225591659546
OCC2OC(Oc1ccccc1CO)C(O)C(O)C2O,-0.8500000238418579,-1.2463804483413696,0.3963804244995117
ClC(Cl)(Cl)C(NC=O)N1C=CN(C=C1)C(NC=O)C(Cl)(Cl)Cl ,-4.190000057220459,-3.1485373973846436,1.0414626598358154
Cc1c[nH]c2ccccc12 ,-2.4200000762939453,-2.5437960624694824,0.12379598617553711
c2ccc1[nH]ccc1c2,-1.5199999809265137,-1.9736942052841187,0.453694224357605
Nc2cnn(c1ccccc1)c(=O)c2Cl,-2.878000020980835,-2.24550199508667,0.632498025894165
CNc2cnn(c1cccc(c1)C(F)(F)F)c(=O)c2Cl,-4.046000003814697,-3.3079538345336914,0.7380461692810059
c1ccccc1n2ncc(N)c(Br)c2(=O),-3.127000093460083,-2.446895122528076,0.6801049709320068
NS(=O)(=O)c1cc(ccc1Cl)C2(O)NC(=O)c3ccccc23,-3.4509999752044678,-3.5881495475769043,0.13714957237243652
CCC(C)C(=O)OC2CC(C)C=C3C=CC(C)C(CCC1CC(O)CC(=O)O1)C23 ,-6.005000114440918,-5.331450939178467,0.6735491752624512
CC4CC3C2CCC1=CC(=O)C=CC1(C)C2(F)C(O)CC3(C)C4(O)C(=O)COC(C)=O ,-4.900000095367432,-4.275115489959717,0.6248846054077148
CC34CC(O)C1(F)C(CCC2=CC(=O)C=CC12C)C3CC(O)C4(O)C(=O)CO,-3.680000066757202,-3.2425074577331543,0.43749260902404785
CC1CC2C3CC(F)C4=CC(=O)C=CC4(C)C3(F)C(O)CC2(C)C1(O)C(=O)CO,-5.61299991607666,-4.0020599365234375,1.6109399795532227
CC12CC(O)C3C(CCC4=CC(=O)C=CC34C)C2CCC1(O)C(=O)CO,-3.180000066757202,-3.456313133239746,0.27631306648254395
CC(=O)OCC(=O)C3(O)CCC4C2CCC1=CC(=O)C=CC1(C)C2C(O)CC34C ,-4.369999885559082,-4.078614711761475,0.2913851737976074
CC(=O)OCC(=O)C3(O)C(CC4C2CCC1=CC(=O)C=CC1(C)C2(F)C(O)CC34C)OC(C)=O ,-4.130000114440918,-3.9626474380493164,0.16735267639160156
CCCCC(=O)OC3(C(C)CC4C2CCC1=CC(=O)C=CC1(C)C2(F)C(O)CC34C)C(=O)CO,-4.710000038146973,-5.144947528839111,0.43494749069213867
CC1CC2C3CCC4=CC(=O)C=CC4(C)C3(F)C(O)CC2(C)C1(O)C(=O)CO,-3.5899999141693115,-3.826655864715576,0.23665595054626465
CC1CC2C3CCC(O)(C(=O)C)C3(C)CC(O)C2(F)C4(C)C=CC(=O)C=C14,-4.098999977111816,-4.4516448974609375,0.3526449203491211
c1cc2ccc3cccc4ccc(c1)c2c34,-6.176000118255615,-6.41806697845459,0.2420668601989746
CCOC(=O)Nc2cccc(OC(=O)Nc1ccccc1)c2 ,-4.631999969482422,-4.0104875564575195,0.6215124130249023
COC(=O)Nc1cccc(OC(=O)Nc2cccc(C)c2)c1,-4.804999828338623,-4.265707969665527,0.5392918586730957
CC34CCC1C(CC=C2CC(O)CCC12C)C3CCC4=O,-4.119999885559082,-4.5766496658325195,0.4566497802734375
CCN2c1ncccc1N(C)C(=O)c3cccnc23 ,-2.619999885559082,-3.712480306625366,1.0924804210662842
CCN2c1ncccc1N(CC)C(=O)c3cccnc23 ,-2.859999895095825,-3.9331445693969727,1.0731446743011475
CCN2c1nc(C)cc(C)c1NC(=O)c3cccnc23 ,-4.553999900817871,-4.318043231964111,0.23595666885375977
CCN2c1nc(Cl)ccc1N(C)C(=O)c3cccnc23 ,-4.113999843597412,-4.452859401702881,0.33885955810546875
CCN2c1nc(N(C)(CCO))ccc1NC(=O)c3cccnc23 ,-3.359999895095825,-3.420314311981201,0.06031441688537598
CCN2c1nc(C)cc(C(F)(F)F)c1NC(=O)c3cccnc23 ,-4.206999778747559,-4.786494255065918,0.5794944763183594
COc2cnc1ncncc1n2,-1.1390000581741333,-1.4652117490768433,0.32621169090270996
COc1ncnc2nccnc12 ,-1.1100000143051147,-1.4986377954483032,0.3886377811431885
COc2ncc1nccnc1n2,-1.1100000143051147,-1.7760144472122192,0.6660144329071045
Cc1ncnc2nccnc12,-0.4659999907016754,-1.3980027437210083,0.9320027530193329
c2cnc1ncncc1n2,0.019999999552965164,-1.0588603019714355,1.0788603015244007
Oc2ncc1nccnc1n2,-1.9470000267028809,-1.0045485496520996,0.9424514770507812
COc2cnc1cncnc1n2,-0.9100000262260437,-1.456141471862793,0.5461414456367493
Cc2ncc1nccnc1n2,-0.11999999731779099,-1.4499458074569702,1.3299458101391792
Cc2cnc1cncnc1n2,-0.8539999723434448,-1.4117792844772339,0.5577793121337891
ClC1CC2C(C1Cl)C3(Cl)C(=C(Cl)C2(Cl)C3(Cl)Cl)Cl,-6.860000133514404,-6.397251129150391,0.46274900436401367
C1CC=CC1,-2.0999999046325684,-1.399193286895752,0.7008066177368164
CC34CC(=O)C1C(CCC2=CC(=O)CCC12C)C3CCC4(=O) ,-3.4800000190734863,-4.562632083892822,1.082632064819336
O=Cc2ccc1OCOc1c2 ,-1.6299999952316284,-2.003833532333374,0.3738335371017456
c2ccc1[nH]nnc1c2,-0.7799999713897705,-1.7023897171020508,0.9223897457122803
O2c1cc(C)ccc1N(C)C(=O)c3cc(N)cnc23 ,-3.0429999828338623,-3.5290660858154297,0.4860661029815674
O2c1ccccc1N(C)C(=O)c3cccnc23 ,-3.671999931335449,-3.290339231491089,0.38166069984436035
c1ccsc1,-1.3300000429153442,-1.2827070951461792,0.04729294776916504
ClC1=C(Cl)C2(Cl)C3C4CC(C=C4)C3C1(Cl)C2(Cl)Cl,-6.307000160217285,-5.08794641494751,1.2190537452697754
CCOC(=O)NCCOc2ccc(Oc1ccccc1)cc2,-4.699999809265137,-3.323467254638672,1.3765325546264648
Clc2ccc(Oc1ccc(cc1)N(=O)=O)c(Cl)c2,-5.460000038146973,-4.675691604614258,0.7843084335327148
COc2ccc(Oc1ccc(NC(=O)N(C)C)cc1)cc2,-4.159999847412109,-3.3513824939727783,0.808617353439331
Oc1cc(Cl)ccc1Oc2ccc(Cl)cc2Cl,-4.460000038146973,-3.7388241291046143,0.7211759090423584
O(c1ccccc1)c2ccccc2,-3.9600000381469727,-2.90340256690979,1.0565974712371826
CN(C)C(=O)Nc2ccc(Oc1ccc(Cl)cc1)cc2,-4.889999866485596,-3.7668747901916504,1.1231250762939453
CC1=C(C(=O)Nc2ccccc2)S(=O)(=O)CCO1,-2.2809998989105225,-2.5108799934387207,0.22988009452819824
Cc2c(N)c(=O)n(c1ccccc1)n2C,-0.6240000128746033,-2.4139256477355957,1.7899256348609924
CN(C)c2c(C)n(C)n(c1ccccc1)c2=O ,-0.36399999260902405,-2.926403284072876,2.562403291463852
Cc1cc(=O)n(c2ccccc2)n1C,0.7149999737739563,-2.539022207260132,3.254022181034088
Cc2cccc3sc1nncn1c23 ,-2.069999933242798,-3.3187508583068848,1.248750925064087
CC3C2CCC1(C)C=CC(=O)C(=C1C2OC3=O)C,-3.0899999141693115,-4.005672931671143,0.915673017501831
O=Cc1ccco1,-0.10000000149011612,-0.8256377577781677,0.7256377562880516
c1ccoc1,-0.8199999928474426,-0.6611821055412292,0.15881788730621338
ON=Cc1ccc(o1)N(=O)=O ,-2.190000057220459,-1.2660002708435059,0.9239997863769531
COC(=O)c1ccccc1OC2OC(COC3OCC(O)C(O)C3O)C(O)C(O)C2O,-0.7419999837875366,-1.8527270555496216,1.110727071762085
Sc1nccc(=O)[nH]1 ,-2.2730000019073486,-0.8683281540870667,1.404671847820282
CCCCc1c(C)nc(NCC)[nH]c1=O,-3.0280001163482666,-3.5238797664642334,0.4958796501159668
CCOP(=S)(OCC)SC(CCl)N1C(=O)c2ccccc2C1=O,-6.340000152587891,-5.049148082733154,1.2908520698547363
O=C1NC(=O)c2ccccc12 ,-2.609999895095825,-1.9750711917877197,0.6349287033081055
CCOP(=S)(OCC)N2C(=O)c1ccccc1C2=O,-3.3499999046325684,-4.005964279174805,0.6559643745422363
CCOP(=S)(OCC)SC(CCl)N2C(=O)c1ccccc1C2=O,-6.340000152587891,-5.049147605895996,1.2908525466918945
Cn2c(=O)on(c1ccc(Cl)c(Cl)c1)c2=O,-2.819999933242798,-3.4048378467559814,0.5848379135131836
Oc2cc(O)c1C(=O)CC(Oc1c2)c3ccc(O)c(O)c3,-3.619999885559082,-1.5946518182754517,2.0253480672836304
CC(=O)Nc1nnc(s1)S(N)(=O)=O ,-2.359999895095825,-1.1668089628219604,1.1931909322738647
O2c1ccc(N)cc1N(C)C(=O)c3cc(C)ccc23 ,-3.927999973297119,-3.8594977855682373,0.06850218772888184
O2c1ccccc1N(CC)C(=O)c3ccccc23 ,-3.680000066757202,-3.9192731380462646,0.2392730712890625
COC1=CC(=O)CC(C)C13Oc2c(Cl)c(OC)cc(OC)c2C3=O,-3.246000051498413,-4.404453277587891,1.1584532260894775
O=c1[nH]cnc2nc[nH]c12 ,-2.2960000038146973,-1.0715986490249634,1.2244013547897339
OC(C(=O)c1ccccc1)c2ccccc2,-2.8499999046325684,-2.8088626861572266,0.0411372184753418
Nc1ncnc2n(ccc12)C3OC(CO)C(O)C3O ,-1.9500000476837158,-1.3148677349090576,0.6351323127746582
NC(=O)c1cnccn1,-0.6669999957084656,-0.4599330723285675,0.20706692337989807
Oc2ccc1ncccc1c2 ,-2.1600000858306885,-1.622055172920227,0.5379449129104614
c2c(C)cc1nc(C)ccc1c2 ,-1.940000057220459,-3.8003721237182617,1.8603720664978027
c1ccc2ncccc2c1,-1.2999999523162842,-2.645753860473633,1.3457539081573486
Oc1cccc2cccnc12 ,-2.4200000762939453,-1.560232400894165,0.8597676753997803
Oc1cccc2ncccc12 ,-2.5399999618530273,-1.5936145782470703,0.946385383605957
ClC(Cl)C(Cl)(Cl)SN2C(=O)C1CC=CCC1C2=O ,-5.400000095367432,-3.867403268814087,1.5325968265533447
CC2Cc1ccccc1N2NC(=O)c3ccc(Cl)c(c3)S(N)(=O)=O ,-3.5859999656677246,-4.33556604385376,0.7495660781860352
CC=C(C(=CC)c1ccc(O)cc1)c2ccc(O)cc2,-4.949999809265137,-3.1695826053619385,1.7804172039031982
c1c(OC)c(OC)C2C(=O)OCC2c1,-1.8990000486373901,-1.9785652160644531,0.07956516742706299
CC(=O)C3(C)CCC4C2C=C(C)C1=CC(=O)CCC1(C)C2CCC34C,-5.269999980926514,-7.054300308227539,1.7843003273010254
CC(=O)OC3(CCC4C2C=C(C)C1=CC(=O)CCC1(C)C2CCC34C)C(C)=O ,-5.349999904632568,-5.515547275543213,0.16554737091064453
NS(=O)(=O)c2cc1c(NCNS1(=O)=O)cc2Cl ,-2.630000114440918,-2.481830358505249,0.14816975593566895
NS(=O)(=O)c2cc1c(NC(NS1(=O)=O)C(Cl)Cl)cc2Cl ,-2.680000066757202,-3.239819288253784,0.559819221496582
CCN2c1cc(Cl)ccc1NC(=O)c3cccnc23 ,-5.360000133514404,-4.446495056152344,0.9135050773620605
CCN2c1ccccc1N(C)C(=O)c3cccnc23 ,-3.3239998817443848,-4.249015808105469,0.925015926361084
CCN2c1cc(N(C)C)cc(C)c1NC(=O)c3cccnc23 ,-4.870999813079834,-4.799128532409668,0.07187128067016602
CCN2c1cc(OC)cc(C)c1NC(=O)c3cccnc23 ,-5.1529998779296875,-4.473248481750488,0.6797513961791992
Cc1ccc(OP(=O)(Oc2cccc(C)c2)Oc3ccccc3C)cc1,-6.010000228881836,-5.0086212158203125,1.0013790130615234
CC5(C)OC4CC3C2CCC1=CC(=O)C=CC1(C)C2(F)C(O)CC3(C)C4(O5)C(=O)CO ,-4.309999942779541,-4.185216426849365,0.12478351593017578
OC3N=C(c1ccccc1Cl)c2cc(Cl)ccc2NC3=O,-3.6040000915527344,-4.026978015899658,0.42297792434692383
O=C3CN=C(c1ccccc1)c2cc(ccc2N3)N(=O)=O,-3.7960000038146973,-4.209348201751709,0.4133481979370117
CN2C(=O)CN=C(c1ccccc1)c3cc(Cl)ccc23,-3.753999948501587,-4.824394226074219,1.0703942775726318
OC3N=C(c1ccccc1)c2cc(Cl)ccc2NC3=O ,-3.9519999027252197,-3.548334836959839,0.40366506576538086
CN2C(=O)CN=C(c1ccccc1)c3cc(ccc23)N(=O)=O,-3.7960000038146973,-4.557865619659424,0.7618656158447266
Clc1ccccc1C2=NCC(=O)Nc3ccc(cc23)N(=O)=O,-3.499000072479248,-4.743473052978516,1.2444729804992676
c1cnc2c(c1)ccc3ncccc23,-2.680000066757202,-3.4812769889831543,0.8012769222259521
CNC(=O)Oc1ccccc1C2OCCO2,-1.5700000524520874,-2.1410276889801025,0.5710276365280151
CC12CC(O)C3C(CCC4=CC(=O)CCC34C)C2CCC1C(=O)CO,-3.240000009536743,-4.270094871520996,1.030094861984253
CC(=O)OCC(=O)C1(O)CCC2C3CCC4=CC(=O)CCC4(C)C3C(O)CC21C,-4.880000114440918,-4.000887393951416,0.879112720489502
CC(=O)OCC(=O)C3CCC4C2CCC1=CC(=O)CCC1(C)C2CCC34C ,-4.630000114440918,-5.5944437980651855,0.9644436836242676
CC12CCC3C(CCC4=CC(=O)CCC34C)C2CCC1C(=O)CO,-3.450000047683716,-5.170927047729492,1.7209270000457764
CC34CCC1C(CCC2=CC(=O)CCC12O)C3CCC4(O)C#C,-4.570000171661377,-4.1225457191467285,0.44745445251464844
CC12CCC(=O)C=C1CCC3C2CCC4(C)C3CCC4(O)C#C ,-5.659999847412109,-5.352534770965576,0.3074650764465332
CC(=O)C1(O)CCC2C3CCC4=CC(=O)CCC4(C)C3CCC21C,-3.816999912261963,-4.624417781829834,0.8074178695678711
CC1(O)CCC2C3CCC4=CC(=O)CCC4(C)C3CCC21C,-3.999000072479248,-5.3865156173706055,1.3875155448913574
CC(=O)OC3(CCC4C2CCC1=CC(=O)CCC1C2CCC34C)C#C,-4.800000190734863,-5.649078845977783,0.8490786552429199
CC(=O)OC3CCC4C2CCC1=CC(=O)CCC1(C)C2CCC34C ,-5.184000015258789,-5.778829097747803,0.5948290824890137
CC12CCC3C(CCC4=CC(=O)CCC34C)C2CCC1O,-4.019999980926514,-4.850641250610352,0.8306412696838379
CC(=O)OC3(C)CCC4C2CCC1=CC(=O)CCC1(C)C2CCC34C ,-5.283999919891357,-5.756070613861084,0.47207069396972656
CC(=O)C1CCC2C3CCC4=CC(=O)CCC4(C)C3CCC12C,-4.420000076293945,-6.456230163574219,2.0362300872802734
CCC(=O)OC3CCC4C2CCC1=CC(=O)CCC1(C)C2CCC34C ,-5.369999885559082,-6.2545485496521,0.8845486640930176
CC13CCC(=O)C=C1CCC4C2CCC(C(=O)CO)C2(CC(O)C34)C=O ,-3.8499999046325684,-3.9417476654052734,0.09174776077270508
CC12CC(O)C3C(CCC4=CC(=O)CCC34C)C2CCC1(O)C(=O)CO,-3.0899999141693115,-3.660560131072998,0.5705602169036865
CC34CC(O)C1(F)C(CCC2=CC(=O)CCC12C)C3CCC4(O)C(=O)CO ,-3.430000066757202,-3.5642168521881104,0.1342167854309082
o1c2ccccc2c3ccccc13,-4.599999904632568,-3.7243494987487793,0.8756504058837891
CCCC1C(=O)N3N(C1=O)c2cc(C)ccc2N=C3N(C)C ,-3.5380001068115234,-4.219324111938477,0.6813240051269531
C1CCc2ccccc2C1,-4.369999885559082,-3.6224069595336914,0.7475929260253906
Oc2ccc1CCCCc1c2 ,-1.9900000095367432,-2.4049909114837646,0.4149909019470215
CC(=O)SC4CC1=CC(=O)CCC1(C)C5CCC2(C)C(CCC23CCC(=O)O3)C45,-4.172999858856201,-5.4611334800720215,1.2881336212158203
CN(C)C(=O)OC1=CC(=O)CC(C)(C)C1 ,-0.8500000238418579,-2.138491630554199,1.2884916067123413
CC1=CC(=O)CC(C)(C)C1 ,-1.059999942779541,-2.6229515075683594,1.5629515647888184
CC(=C)C1CC=C(C)C(=O)C1,-2.059999942779541,-2.3521616458892822,0.2921617031097412
CC34CCc1c(ccc2cc(O)ccc12)C3CCC4=O,-5.239999771118164,-3.9595251083374023,1.2804746627807617
ClC1(C(=O)C2(Cl)C3(Cl)C14Cl)C5(Cl)C2(Cl)C3(Cl)C(Cl)(Cl)C45Cl,-5.258999824523926,-7.1194047927856445,1.8604049682617188
CCOC(=O)c1ccccc1S(=O)(=O)NN(C=O)c2nc(Cl)cc(OC)n2,-4.576000213623047,-3.6087539196014404,0.9672462940216064
CN2C(=C(O)c1ccccc1S2(=O)=O)C(=O)Nc3ccccn3 ,-4.159999847412109,-2.7612433433532715,1.398756504058838
COC(=O)C1=C(C)NC(=C(C1c2ccccc2N(=O)=O)C(=O)OC)C ,-4.760000228881836,-3.7772891521453857,0.9827110767364502
CC34CCC1C(CCC2=CC(=O)CCC12C)C3CCC4=O,-3.690000057220459,-4.455011367797852,0.7650113105773926
c1ccc2c(c1)ccc3ccccc32,-5.260000228881836,-5.075381755828857,0.18461847305297852
Cc1cccc2c1ccc3ccccc32,-5.849999904632568,-5.536248207092285,0.3137516975402832
Cc1ccc2c(ccc3ccccc32)c1,-5.840000152587891,-5.6524577140808105,0.18754243850708008
O=C1CCCN1,1.0700000524520874,-0.1741175502538681,1.2441176027059555
OCC2OC(Oc1ccccc1CO)C(O)C(O)C2O,-0.8500000238418579,-0.9923729300498962,0.14237290620803833
O=C1NC(=O)C(=O)N1 ,-0.4000000059604645,-0.7421507835388184,0.3421507775783539
CN(C)C(=O)Nc1ccc(c(Cl)c1)n2nc(oc2=O)C(C)(C)C,-4.328000068664551,-4.065446853637695,0.26255321502685547
CC(C)Oc1cc(c(Cl)cc1Cl)n2nc(oc2=O)C(C)(C)C,-5.696000099182129,-5.173054218292236,0.5229458808898926
COc2c1occc1c(OC)c3c(=O)cc(C)oc23 ,-3.0209999084472656,-3.1807656288146973,0.15976572036743164
Cc1ccncc1C,0.36000001430511475,-1.4562830924987793,1.816283106803894
Cc1ccnc(C)c1,0.3799999952316284,-1.4777212142944336,1.857721209526062
Cc1cccc(C)n1,0.44999998807907104,-1.3331067562103271,1.7831067442893982
CCOP(=S)(OCC)Oc1nc(Cl)c(Cl)cc1Cl ,-5.670000076293945,-5.151199817657471,0.5188002586364746
CCc1ccccn1,0.5099999904632568,-1.5360957384109497,2.0460957288742065
Oc1ccccn1,1.0199999809265137,-0.16825854778289795,1.1882585287094116
COC(=O)c1cccnc1 ,-0.46000000834465027,-1.045030951499939,0.5850309431552887
NC(=O)c1cccnc1 ,0.6100000143051147,-0.645861804485321,1.2558618187904358
Cc1cccnc1C,0.3799999952316284,-1.5242724418640137,1.904272437095642
Oc1ccncc1,1.0199999809265137,0.11337993294000626,0.9066200479865074
c1nccc(C(=O)NN)c1,0.008999999612569809,0.18052347004413605,0.17152347043156624
Cc1cncc(C)c1,0.3799999952316284,-1.569053292274475,1.9490532875061035
c1ccncc1,0.7599999904632568,-0.6150946617126465,1.3750946521759033
Clc1cccc(n1)C(Cl)(Cl)Cl,-3.759999990463257,-3.736703634262085,0.023296356201171875
COc1cc(cc(OC)c1O)C6C2C(COC2=O)C(OC4OC3COC(C)OC3C(O)C4O)c7cc5OCOc5cc67,-3.571000099182129,-4.387334823608398,0.8163347244262695
CC(C)(C)C(=O)C(Oc1ccc(Cl)cc1)n2cncn2,-3.609999895095825,-2.664271116256714,0.9457287788391113
CC(=O)OC3(CCC4C2C=C(C)C1=CC(=O)CCC1(C)C2CCC34C)C(C)=O ,-5.349999904632568,-4.634819030761719,0.7151808738708496
CC(=O)C3(C)CCC4C2C=C(C)C1=CC(=O)CCC1(C)C2CCC34C,-5.269999980926514,-5.590353488922119,0.32035350799560547
OC(Cn1cncn1)(c2ccc(F)cc2)c3ccccc3F,-3.369999885559082,-2.965266704559326,0.40473318099975586
CCC(=C(CC)c1ccc(O)cc1)c2ccc(O)cc2 ,-4.070000171661377,-3.482440233230591,0.5875599384307861
Cc1cc(=O)[nH]c(=S)[nH]1,-2.436000108718872,-1.3672672510147095,1.0687328577041626
ClC2=C(Cl)C3(Cl)C1C=CCC1C2(Cl)C3(Cl)Cl ,-5.639999866485596,-5.234163761138916,0.4058361053466797
ClC1C=CC2C1C3(Cl)C(=C(Cl)C2(Cl)C3(Cl)Cl)Cl,-6.316999912261963,-5.657379150390625,0.6596207618713379
OC1C=CC2C1C3(Cl)C(=C(Cl)C2(Cl)C3(Cl)Cl)Cl ,-5.460000038146973,-4.228851318359375,1.2311487197875977
O=C1NC(=O)NC(=O)C1(CC=C)CC=C,-2.0769999027252197,-2.241563320159912,0.16456341743469238
O=C1NC(=O)NC(=O)C1(C(C)C)CC=C(C)C,-2.5929999351501465,-3.200221538543701,0.6072216033935547
O=C1NC(=O)NC(=O)C1(CC)C(C)C,-2.1480000019073486,-2.448979377746582,0.3009793758392334
O=C1NC(=O)NC(=O)C1(CC)CC,-2.4000000953674316,-1.8749696016311646,0.5250304937362671
O=C1NC(=O)NC(=O)C1(C(C)C)CC=C,-1.7079999446868896,-2.33968448638916,0.6316845417022705
O=C1NC(=O)NC(=O)C1(C(C)C)C(C)C,-2.7660000324249268,-2.6359915733337402,0.13000845909118652
CCC1(CC)C(=O)NC(=O)N(C)C1=O ,-2.2300000190734863,-1.771865963935852,0.4581340551376343
CCC1(C(C)C)C(=O)NC(=O)NC1=O ,-2.2100000381469727,-2.0235352516174316,0.18646478652954102
CCC1(CCC(C)C)C(=O)NC(=O)NC1=O,-2.4679999351501465,-2.8179478645324707,0.3499479293823242
O=C1NC(=O)NC(=O)C1(CC)C(C)CC,-2.390000104904175,-2.8108232021331787,0.4208230972290039
CCC(C)C1(CC(Br)=C)C(=O)NC(=O)NC1=O ,-2.6470000743865967,-3.6818912029266357,1.034891128540039
O=C1NC(=O)NC(=O)C1(C)C,-1.7419999837875366,-1.4499553442001343,0.29204463958740234
O=C1NC(=O)NC(=O)C1(CC)CCC(C)C,-2.6579999923706055,-2.817948579788208,0.15994858741760254
CCCCC1(CC)C(=O)NC(=O)NC1=O,-1.6610000133514404,-2.4919910430908203,0.8309910297393799
O=C1NC(=O)NC(=O)C1(C)CC,-1.2280000448226929,-1.6505261659622192,0.42252612113952637
O=C1NC(=O)NC(=O)C1(C)CC=C,-1.159999966621399,-1.92064368724823,0.760643720626831
O=C1NC(=O)NC(=O)C1(CC)CC=C,-1.6139999628067017,-2.100186824798584,0.4861868619918823
O=C1NC(=O)NC(=O)C1(CC)C(C)CCC,-2.390000104904175,-2.606733560562134,0.21673345565795898
O=C1NC(=O)NC(=O)C1(C(C)CCC)CC=C,-2.3559999465942383,-2.8857510089874268,0.5297510623931885
CCC(C)C1(CC=C)C(=O)NC(=O)NC1=O,-2.0160000324249268,-2.8012757301330566,0.7852756977081299
O=C1NC(=O)NC(=O)C1(CC)CC=C(C)C,-2.253000020980835,-2.436199188232422,0.18319916725158691
Nc2nc1[nH]cnc1c(=O)[nH]2 ,-3.5829999446868896,-1.5790514945983887,2.003948450088501
CC23Cc1cnoc1C=C2CCC4C3CCC5(C)C4CCC5(O)C#C,-5.506999969482422,-4.897480010986328,0.6095199584960938
OCC1OC(O)(CO)C(O)C1O,0.6399999856948853,1.412238359451294,0.7722383737564087
CC1CCCO1,0.10999999940395355,-0.6238217949867249,0.7338217943906784
C1CCOC1,0.49000000953674316,-0.47075724601745605,0.9607572555541992
c2(Cl)c(Cl)c(Cl)c1nccnc1c2(Cl) ,-5.429999828338623,-4.435375213623047,0.9946246147155762
CCN2c1ccccc1N(C)C(=S)c3cccnc23 ,-4.705999851226807,-4.486555576324463,0.21944427490234375
COP(=S)(OC)Oc1ccc(Sc2ccc(OP(=S)(OC)OC)cc2)cc1,-6.236999988555908,-7.022792339324951,0.785792350769043
c1ccc2c(c1)c3cccc4c3c2cc5ccccc54,-8.229999542236328,-7.716736316680908,0.5132632255554199
CN(C(=O)COc1nc2ccccc2s1)c3ccccc3,-4.873000144958496,-4.175537109375,0.6974630355834961
O=C2NC(=O)C1(CC1)C(=O)N2 ,-1.8860000371932983,-1.4303206205368042,0.45567941665649414
CC1=C(C(=O)Nc2ccccc2)S(=O)(=O)CCO1,-2.2809998989105225,-2.400563955307007,0.11956405639648438
Oc1cccc2ncccc12 ,-2.5399999618530273,-1.3707886934280396,1.1692112684249878
c2c(C)cc1nc(C)ccc1c2 ,-1.940000057220459,-3.268533706665039,1.32853364944458
c1ccc2ncccc2c1,-1.2999999523162842,-2.3151485919952393,1.015148639678955
Oc2ccc1ncccc1c2 ,-2.1600000858306885,-1.4476006031036377,0.7123994827270508
Oc1cccc2cccnc12 ,-2.4200000762939453,-1.4473345279693604,0.972665548324585
COc2c1occc1cc3ccc(=O)oc23 ,-3.6640000343322754,-3.5171189308166504,0.146881103515625
Cc1ccc(OP(=O)(Oc2cccc(C)c2)Oc3ccccc3C)cc1,-6.010000228881836,-5.947948932647705,0.06205129623413086
Cc1cc(=O)[nH]c(=S)[nH]1,-2.436000108718872,-1.2423866987228394,1.1936134099960327
CN1CC(O)N(C1=O)c2nnc(s2)C(C)(C)C,-1.8769999742507935,-2.2431328296661377,0.36613285541534424
CSc1nnc(c(=O)n1N)C(C)(C)C,-2.253000020980835,-1.1865992546081543,1.0664007663726807
OC(Cn1cncn1)(c2ccc(F)cc2)c3ccccc3F,-3.369999885559082,-3.078073740005493,0.29192614555358887
OCC(O)COC(=O)c1ccccc1Nc2ccnc3cc(Cl)ccc23,-4.571000099182129,-3.0351133346557617,1.5358867645263672
NS(=O)(=O)c2cc1c(NC(NS1(=O)=O)C(Cl)Cl)cc2Cl ,-2.680000066757202,-3.4581832885742188,0.7781832218170166
NS(=O)(=O)c2cc1c(NCNS1(=O)=O)cc2Cl ,-2.630000114440918,-2.7408554553985596,0.1108553409576416
Cn2c(=O)on(c1ccc(Cl)c(Cl)c1)c2=O,-2.819999933242798,-3.673471212387085,0.8534712791442871
CCN2c1nc(N(C)(CCO))ccc1NC(=O)c3cccnc23 ,-3.359999895095825,-2.8031084537506104,0.5568914413452148
CCN2c1ncccc1N(C)C(=O)c3cccnc23 ,-2.619999885559082,-3.016331434249878,0.3963315486907959
CCN2c1ncccc1N(CC)C(=O)c3cccnc23 ,-2.859999895095825,-3.2972991466522217,0.4372992515563965
CCN2c1nc(Cl)ccc1N(C)C(=O)c3cccnc23 ,-4.113999843597412,-3.8646774291992188,0.24932241439819336
CCN2c1nc(C)cc(C)c1NC(=O)c3cccnc23 ,-4.553999900817871,-3.771592617034912,0.782407283782959
CCN2c1nc(C)cc(C(F)(F)F)c1NC(=O)c3cccnc23 ,-4.206999778747559,-4.468980312347412,0.2619805335998535
O=C1CCC(=O)N1,0.30000001192092896,-0.5554797649383545,0.8554797768592834
OC(CC(c1ccccc1)c3c(O)c2ccccc2oc3=O)c4ccc(cc4)c5ccc(Br)cc5 ,-4.445000171661377,-7.514695644378662,3.069695472717285
C1C=CCC=C1,-2.059999942779541,-1.6636128425598145,0.39638710021972656
CCC1(CCC(=O)NC1=O)c2ccccc2 ,-2.3369998931884766,-3.212948799133301,0.8759489059448242
Nc2cccc3nc1ccccc1cc23 ,-4.21999979019165,-3.858555555343628,0.36144423484802246
c3ccc2nc1ccccc1cc2c3,-3.6700000762939453,-4.389771938323975,0.7197718620300293
CCCCC1C(=O)N(N(C1=O)c2ccccc2)c3ccccc3 ,-3.809999942779541,-4.315194129943848,0.5051941871643066
CC(=O)CCC1C(=O)N(N(C1=O)c2ccccc2)c3ccccc3,-3.2699999809265137,-3.5512211322784424,0.2812211513519287
CCCCC1C(=O)N(N(C1=O)c2ccc(O)cc2)c3ccccc3 ,-3.7300000190734863,-3.543480634689331,0.18651938438415527
OCC(O)C2OC1OC(OC1C2O)C(Cl)(Cl)Cl ,-1.840000033378601,-1.1083011627197266,0.7316988706588745
NS(=O)(=O)c3cc2c(NC(Cc1ccccc1)NS2(=O)=O)cc3C(F)(F)F,-3.5899999141693115,-4.903283596038818,1.3132836818695068
CN(C)C(=O)OC1=CC(=O)CC(C)(C)C1 ,-0.8500000238418579,-2.3026962280273438,1.4526962041854858
CC(=C)C1CC=C(C)C(=O)C1,-2.059999942779541,-2.46258282661438,0.40258288383483887
CC1=CC(=O)CC(C)(C)C1 ,-1.059999942779541,-2.771939754486084,1.711939811706543
O=C2NC(=O)C1(CCC1)C(=O)N2,-1.6549999713897705,-1.6959513425827026,0.04095137119293213
CN(C=Nc1ccc(C)cc1C)C=Nc2ccc(C)cc2C,-5.46999979019165,-4.794921875,0.6750779151916504
CC1CCCCC1NC(=O)Nc2ccccc2,-4.110000133514404,-4.276642799377441,0.1666426658630371
CC3C2CCC1(C)C=CC(=O)C(=C1C2OC3=O)C,-3.0899999141693115,-3.8618876934051514,0.7718877792358398
O=c1[nH]cnc2nc[nH]c12 ,-2.2960000038146973,-0.9405750632286072,1.35542494058609
O=C(C=CC=Cc2ccc1OCOc1c2)N3CCCCC3,-3.4600000381469727,-4.189920902252197,0.7299208641052246
ClC1C(Cl)C(Cl)C(Cl)C(Cl)C1Cl,-4.639999866485596,-4.313246726989746,0.3267531394958496
CC1CCCCC1,-3.8499999046325684,-3.038482189178467,0.8115177154541016
CC(C)C1CCC(C)CC1O ,-2.5299999713897705,-2.8081157207489014,0.27811574935913086
C/C1CCCCC1\C,-4.300000190734863,-3.3766751289367676,0.9233250617980957
CCC1CCCCC1,-4.25,-3.417891025543213,0.8321089744567871
OC1CCCCC1,-0.4399999976158142,-1.1659433841705322,0.725943386554718
C1CCCCC1,-3.0999999046325684,-2.553748369216919,0.5462515354156494
C/C1CCC(\C)CC1,-4.46999979019165,-3.5548107624053955,0.9151890277862549
OC1C(O)C(O)C(O)C(O)C1O,0.3499999940395355,1.2410825490951538,0.8910825550556183
CCSC(=O)N(CC)C1CCCCC1 ,-3.4000000953674316,-3.2247707843780518,0.17522931098937988
O=C1NC(=O)C(=O)C(=O)N1 ,-1.25,-1.1103811264038086,0.1396188735961914
C1OC1c2ccccc2 ,-1.600000023841858,-2.485867500305176,0.8858674764633179
c2cnc1ncncc1n2,0.019999999552965164,-0.5073859691619873,0.5273859687149525
Oc2ncc1nccnc1n2,-1.9470000267028809,-0.7234548330307007,1.2235451936721802
COc2cnc1ncncc1n2,-1.1390000581741333,-1.0132986307144165,0.1257014274597168
COc2cnc1cncnc1n2,-0.9100000262260437,-0.9874347448348999,0.0774347186088562
Cc1ncnc2nccnc12,-0.4659999907016754,-0.7416737675666809,0.2756737768650055
Cc2ncc1nccnc1n2,-0.11999999731779099,-0.8127598166465759,0.6927598193287849
COc1ncnc2nccnc12 ,-1.1100000143051147,-0.9367035031318665,0.1732965111732483
COc2ncc1nccnc1n2,-1.1100000143051147,-1.3549922704696655,0.24499225616455078
Cc2cnc1cncnc1n2,-0.8539999723434448,-0.7968472838401794,0.05715268850326538
COc5cc4OCC3Oc2c1CC(Oc1ccc2C(=O)C3c4cc5OC)C(C)=C ,-4.420000076293945,-4.607861518859863,0.18786144256591797
CCCCCC1CCCC1,-6.079999923706055,-3.9333465099334717,2.146653413772583
CCCC1CCCC1,-4.739999771118164,-3.0008013248443604,1.7391984462738037
CC1CCCC1,-3.299999952316284,-2.0100128650665283,1.2899870872497559
C1CCCC1,-2.640000104904175,-1.655598759651184,0.9844013452529907
C2c1ccccc1N(CCF)C(=O)c3ccccc23 ,-4.798999786376953,-4.701887607574463,0.09711217880249023
CCCC1C(=O)N3N(C1=O)c2cc(C)ccc2N=C3N(C)C ,-3.5380001068115234,-3.8539888858795166,0.31598877906799316
Clc1ccc(CN(C2CCCC2)C(=O)Nc3ccccc3)cc1,-5.914999961853027,-5.623139381408691,0.29186058044433594
c1ccc2c(c1)cnc3ccccc23 ,-2.7799999713897705,-4.2148756980896,1.434875726699829
N(c1ccccc1)c2ccccc2,-3.503999948501587,-3.287482261657715,0.21651768684387207
O=C1NC(=O)C(=O)N1 ,-0.4000000059604645,-0.7886472940444946,0.38864728808403015
OC1CCCCCC1,-0.8799999952316284,-1.6527060270309448,0.7727060317993164
C1CCCCCC1,-3.509999990463257,-3.0210471153259277,0.4889528751373291
c1cc2ccc3cccc4ccc(c1)c2c34,-6.176000118255615,-6.367933750152588,0.19193363189697266
O=Cc2ccc1OCOc1c2 ,-1.6299999952316284,-2.0569944381713867,0.4269944429397583
Nc1c(C)c[nH]c(=O)n1 ,-1.4579999446868896,-1.341546654701233,0.11645328998565674
Nc1cc[nH]c(=O)n1 ,-1.1549999713897705,-0.9157134890556335,0.23928648233413696
Nc1nc(=O)[nH]cc1F,-0.972000002861023,-1.320428490638733,0.34842848777770996
c1c(OC)c(OC)C2C(=O)OCC2c1,-1.8990000486373901,-1.8455150127410889,0.05348503589630127
CC34CCC1C(CCC2=CC(=O)CCC12C)C3CCC4=O,-3.690000057220459,-4.322717189788818,0.6327171325683594
COc2ccc(Oc1ccc(NC(=O)N(C)C)cc1)cc2,-4.159999847412109,-3.4658052921295166,0.6941945552825928
CN(C)C(=O)Nc2ccc(Oc1ccc(Cl)cc1)cc2,-4.889999866485596,-3.983806610107422,0.9061932563781738
Clc2ccc(Oc1ccc(cc1)N(=O)=O)c(Cl)c2,-5.460000038146973,-4.881404399871826,0.5785956382751465
Oc1cc(Cl)ccc1Oc2ccc(Cl)cc2Cl,-4.460000038146973,-3.925703525543213,0.5342965126037598
O(c1ccccc1)c2ccccc2,-3.9600000381469727,-3.088770866394043,0.8712291717529297
CCOC(=O)NCCOc2ccc(Oc1ccccc1)cc2,-4.699999809265137,-3.385594129562378,1.3144056797027588
O2c1ccccc1N(CC)C(=O)c3ccccc23 ,-3.680000066757202,-4.185601234436035,0.505601167678833
O2c1ccc(N)cc1N(C)C(=O)c3cc(C)ccc23 ,-3.927999973297119,-4.164771556854248,0.2367715835571289
C1c2ccccc2c3cc4ccccc4cc13,-8.039999961853027,-6.274009704589844,1.7659902572631836
CC(=O)N(S(=O)c1ccc(N)cc1)c2onc(C)c2C ,-3.5899999141693115,-3.4492504596710205,0.14074945449829102
c3ccc2nc1ccccc1cc2c3,-3.6700000762939453,-4.480104446411133,0.8101043701171875
Nc2cccc3nc1ccccc1cc23 ,-4.21999979019165,-4.0694990158081055,0.15050077438354492
CC34CCC1C(CCC2CC(O)CCC12C)C3CCC4=O,-4.159999847412109,-3.919602155685425,0.24039769172668457
CC12CCC(O)CC1CCC3C2CCC4(C)C3CCC4=O,-4.4019999504089355,-3.980428695678711,0.4215712547302246
c1ccc2c(c1)ccc3c2ccc4c5ccccc5ccc43,-7.869999885559082,-8.49746036529541,0.6274604797363281
CC2Cc1ccccc1N2NC(=O)c3ccc(Cl)c(c3)S(N)(=O)=O ,-3.5859999656677246,-4.545019626617432,0.959019660949707
CCNc1nc(NC(C)(C)C)nc(OC)n1,-3.239000082015991,-3.6703860759735107,0.43138599395751953
CC(C)Nc1nc(Cl)nc(NC(C)C)n1,-4.429999828338623,-3.9912686347961426,0.43873119354248047
CCNc1nc(Cl)nc(n1)N(CC)CC,-4.059999942779541,-3.8130288124084473,0.24697113037109375
COc1nc(NC(C)C)nc(NC(C)C)n1,-2.4779999256134033,-4.087536334991455,1.6095364093780518
CSc1nc(NC(C)C)nc(NC(C)C)n1,-4.099999904632568,-4.2094035148620605,0.10940361022949219
CSc1nc(nc(n1)N(C)C)N(C)C,-2.6760001182556152,-2.7868733406066895,0.11087322235107422
CCNc1nc(NC(C)C)nc(SC)n1,-3.0399999618530273,-3.839773178100586,0.7997732162475586
CCNc1nc(Cl)nc(NC(C)(C)C#N)n1,-3.1500000953674316,-3.406153917312622,0.25615382194519043
CCNc1nc(Cl)nc(NC(C)C)n1,-3.8499999046325684,-3.484666109085083,0.36533379554748535
CN(C)c1nc(nc(n1)N(C)C)N(C)C,-3.364000082015991,-2.550204038619995,0.8137960433959961
CCNc1nc(NC(C)C)nc(OC)n1,-2.0840001106262207,-3.6186699867248535,1.5346698760986328
CCNc1nc(Cl)nc(NCC)n1 ,-4.550000190734863,-3.1498374938964844,1.400162696838379
CCNc1nc(NC(C)(C)C)nc(SC)n1,-4.0,-3.87447452545166,0.12552547454833984
COCCCNc1nc(NC(C)C)nc(SC)n1,-2.927999973297119,-3.774739980697632,0.8467400074005127
CCN(CC)c1nc(Cl)nc(NC(C)C)n1,-3.7850000858306885,-4.320311546325684,0.5353114604949951
CCN(CC)c1nc(Cl)nc(n1)N(CC)CC,-4.410999774932861,-4.396509170532227,0.014490604400634766
C1Cc2cccc3cccc1c23,-4.630000114440918,-4.002458095550537,0.6275420188903809
c1ccc2cnccc2c1,-1.4500000476837158,-2.1074981689453125,0.6574981212615967
C1Cc2ccccc2C1,-3.0399999618530273,-2.611530303955078,0.4284696578979492
COC(=O)c1ccccc1OC2OC(COC3OCC(O)C(O)C3O)C(O)C(O)C2O,-0.7419999837875366,-1.4809646606445312,0.7389646768569946
c1ccc2ncccc2c1,-1.2999999523162842,-2.2928402423858643,0.9928402900695801
Oc1cccc2cccnc12 ,-2.4200000762939453,-1.3717414140701294,1.048258662223816
Oc1cccc2ncccc12 ,-2.5399999618530273,-1.4179421663284302,1.1220577955245972
Oc2ccc1ncccc1c2 ,-2.1600000858306885,-1.4678399562835693,0.6921601295471191
c2c(C)cc1nc(C)ccc1c2 ,-1.940000057220459,-3.437981605529785,1.4979815483093262
Cc1c(C)c2c3ccccc3ccc2c4ccccc14,-7.010000228881836,-7.895254135131836,0.88525390625
c1ccc2c(c1)ccc3c4ccccc4ccc23,-8.057000160217285,-6.941777229309082,1.1152229309082031
Nc3cc2c1ccccc1ccc2c4ccccc34 ,-6.199999809265137,-6.50865364074707,0.3086538314819336
Cc1cc2c3ccccc3ccc2c4ccccc14,-6.570000171661377,-7.397831916809082,0.8278317451477051
c1cccc2c3c(C)cc4ccccc4c3ccc12,-6.590000152587891,-7.247507572174072,0.6575074195861816
COP(=S)(OC)Oc1ccc(Sc2ccc(OP(=S)(OC)OC)cc2)cc1,-6.236999988555908,-7.318347454071045,1.0813474655151367
OCC1OC(CO)(OC2OC(COC3OC(CO)C(O)C(O)C3O)C(O)C(O)C2O)C(O)C1O,-0.4099999964237213,-0.29378989338874817,0.11621010303497314
NS(=O)(=O)c3cc2c(NC(Cc1ccccc1)NS2(=O)=O)cc3C(F)(F)F,-3.5899999141693115,-4.9236273765563965,1.333627462387085
CC(C)C(Nc1ccc(cc1Cl)C(F)(F)F)C(=O)OC(C#N)c2cccc(Oc3ccccc3)c2,-8.003000259399414,-7.1322221755981445,0.8707780838012695
CC(=O)C3CCC4C2CC=C1CC(O)CCC1(C)C2CCC34C ,-4.650000095367432,-4.275711536407471,0.37428855895996094
c1ccc(cc1)c2ccc(cc2)c3ccccc3,-7.110000133514404,-5.892061233520508,1.2179388999938965
CCCC(C)C1(CC)C(=O)NC(=S)NC1=O ,-3.359999895095825,-3.427476167678833,0.06747627258300781
CCCC(C)C1(CC=C)C(=O)NC(=S)NC1=O ,-3.4600000381469727,-3.655951976776123,0.1959519386291504
COc5cc4OCC3Oc2c1CC(Oc1ccc2C(=O)C3c4cc5OC)C(C)=C ,-4.420000076293945,-4.2560248374938965,0.16397523880004883
O=C2NC(=O)C1(CCCCC1)C(=O)N2,-3.059999942779541,-2.5386955738067627,0.5213043689727783
CC(C)C1CCC(C)CC1O ,-2.5299999713897705,-2.9562113285064697,0.4262113571166992
ClC1C(Cl)C(Cl)C(Cl)C(Cl)C1Cl,-4.639999866485596,-4.270273208618164,0.36972665786743164
CCSC(=O)N(CC)C1CCCCC1 ,-3.4000000953674316,-3.6693549156188965,0.26935482025146484
OC1CCCCC1,-0.4399999976158142,-1.1200908422470093,0.6800908446311951
CCC1CCCCC1,-4.25,-3.574899196624756,0.6751008033752441
CC1CCCCC1,-3.8499999046325684,-3.1306915283203125,0.7193083763122559
C/C1CCCCC1\C,-4.300000190734863,-3.5354418754577637,0.7645583152770996
OC1C(O)C(O)C(O)C(O)C1O,0.3499999940395355,0.9069310426712036,0.5569310486316681
C/C1CCC(\C)CC1,-4.46999979019165,-3.6792261600494385,0.7907736301422119
C1CCCCC1,-3.0999999046325684,-2.580404281616211,0.5195956230163574
Cc1ccccc1n3c(C)nc2ccccc2c3=O,-2.924999952316284,-4.7444024085998535,1.8194024562835693
CN(C)C(=O)Oc1cc(C)nn1c2ccccc2,-2.0899999141693115,-2.9010202884674072,0.8110203742980957
Sc1nccc(=O)[nH]1 ,-2.2730000019073486,-0.7820797562599182,1.4909202456474304
CCCCc1c(C)nc(NCC)[nH]c1=O,-3.0280001163482666,-3.611135959625244,0.5831358432769775
CCN2c1ccccc1N(C)C(=S)c3cccnc23 ,-4.705999851226807,-5.000707149505615,0.2947072982788086
C1CCc2ccccc2C1,-4.369999885559082,-3.585932731628418,0.7840671539306641
Oc2ccc1CCCCc1c2 ,-1.9900000095367432,-2.4549543857574463,0.4649543762207031
O=C2CN(N=Cc1ccc(o1)N(=O)=O)C(=O)N2 ,-3.380000114440918,-2.0706787109375,1.309321403503418
CC1(C)CON(Cc2ccccc2Cl)C1=O,-2.3380000591278076,-2.809298276901245,0.4712982177734375
CCCOP(=S)(OCCC)SCC(=O)N1CCCCC1C,-4.150000095367432,-4.772772789001465,0.6227726936340332
CC(=C)C1CC=C(C)C(=O)C1,-2.059999942779541,-2.4318742752075195,0.3718743324279785
CN(C)C(=O)OC1=CC(=O)CC(C)(C)C1 ,-0.8500000238418579,-2.4260618686676025,1.5760618448257446
CC1=CC(=O)CC(C)(C)C1 ,-1.059999942779541,-2.601181983947754,1.541182041168213
c1ccc2c(c1)c3cccc4ccc5cccc2c5c43,-7.800000190734863,-8.106133460998535,0.3061332702636719
Nc1cc(nc(N)n1=O)N2CCCCC2 ,-1.9889999628067017,-2.639573574066162,0.6505736112594604
c1ccc2c(c1)cnc3ccccc23 ,-2.7799999713897705,-4.253689289093018,1.473689317703247
c1ccc2c(c1)[nH]c3ccccc32,-5.269999980926514,-3.660144090652466,1.6098558902740479
Cc2cccc3sc1nncn1c23 ,-2.069999933242798,-3.171109199523926,1.101109266281128
c1ccc2c(c1)c3cccc4cccc2c34,-6.0,-5.945605754852295,0.05439424514770508
c1cc2ccc3cccc4ccc(c1)c2c34,-6.176000118255615,-6.548060894012451,0.37206077575683594
ClC1(C(=O)C2(Cl)C3(Cl)C14Cl)C5(Cl)C2(Cl)C3(Cl)C(Cl)(Cl)C45Cl,-5.258999824523926,-6.410813331604004,1.1518135070800781
O=C1NC(=O)C(=O)C(=O)N1 ,-1.25,-1.1611584424972534,0.08884155750274658
CC1(OC(=O)N(C1=O)c2cc(Cl)cc(Cl)c2)C=C,-4.925000190734863,-4.3090434074401855,0.6159567832946777
OC(C(=O)c1ccccc1)c2ccccc2,-2.8499999046325684,-2.777369260787964,0.07263064384460449
CC1=CCCCC1,-3.2699999809265137,-2.4889445304870605,0.7810554504394531
CC1=CCC(CC1)C(C)=C,-4.260000228881836,-3.4633169174194336,0.7966833114624023
C1CCC=CC1,-2.5899999141693115,-2.0321807861328125,0.557819128036499
CC1=C(C(=O)Nc2ccccc2)S(=O)(=O)CCO1,-2.2809998989105225,-2.4772608280181885,0.19626092910766602
CC5(C)OC4CC3C2CCC1=CC(=O)C=CC1(C)C2(F)C(O)CC3(C)C4(O5)C(=O)CO ,-4.309999942779541,-3.544048309326172,0.7659516334533691
c1cc(O)c(O)c2OCC3(O)CC4=CC(=O)C(O)=CC4=C3c21,-2.700000047683716,-2.096339464187622,0.6036605834960938
O=C2NC(=O)C1(CCCC1)C(=O)N2,-2.3489999771118164,-2.23201060295105,0.1169893741607666
COC1=CC(=O)CC(C)C13Oc2c(Cl)c(OC)cc(OC)c2C3=O,-3.246000051498413,-4.061355113983154,0.8153550624847412
CCN2c1ncccc1N(C)C(=S)c3cccnc23 ,-4.633999824523926,-4.1275410652160645,0.5064587593078613
CC1(C)C(C=C(Cl)Cl)C1C(=O)OC(C#N)c2ccc(F)c(Oc3ccccc3)c2,-7.336999893188477,-5.854934215545654,1.4820656776428223
CC1(C)C(C(=O)OC(C#N)c2cccc(Oc3ccccc3)c2)C1(C)C,-6.025000095367432,-5.208484172821045,0.8165159225463867
CC1(C)C(C=C(Cl)C(F)(F)F)C1C(=O)OC(C#N)c2cccc(Oc3ccccc3)c2,-8.175999641418457,-6.117099285125732,2.0589003562927246
CC1(C)C(C=C(Cl)Cl)C1C(=O)OC(C#N)c2cccc(Oc3ccccc3)c2,-8.017000198364258,-5.561275005340576,2.4557251930236816
CC(C)=CC3C(C(=O)OCc2cccc(Oc1ccccc1)c2)C3(C)C ,-5.239999771118164,-5.446774005889893,0.20677423477172852
CC1(C)C(C=C(Br)Br)C1C(=O)OC(C#N)c2cccc(Oc3ccccc3)c2,-8.402000427246094,-6.0701470375061035,2.3318533897399902
CC1(C)C(C=C(Cl)Cl)C1C(=O)OCc2cccc(Oc3ccccc3)c2,-6.290999889373779,-5.122627258300781,1.168372631072998
Oc1ccc(cc1)C2(OC(=O)c3ccccc23)c4ccc(O)cc4 ,-2.9000000953674316,-4.589515209197998,1.6895151138305664
Cc1cc(=O)[nH]c(=S)[nH]1,-2.436000108718872,-1.2833642959594727,1.1526358127593994
CC(=O)C3CCC4C2CC=C1CC(O)CCC1(C)C2CCC34C ,-4.650000095367432,-4.610780239105225,0.03921985626220703
COP(=S)(OC)Oc1ccc(Sc2ccc(OP(=S)(OC)OC)cc2)cc1,-6.236999988555908,-7.203077793121338,0.9660778045654297
C1CCC2CCCCC2C1,-5.190000057220459,-4.075995922088623,1.114004135131836
c1ccc2c(c1)ccc3c2ccc4c5ccccc5ccc43,-7.869999885559082,-8.306891441345215,0.4368915557861328
CC34CCC1C(CCC2=CC(=O)CCC12C)C3CCC4=O,-3.690000057220459,-4.7759013175964355,1.0859012603759766
CCC1(C(=O)NC(=O)NC1=O)C2=CCCCC2 ,-2.1700000762939453,-2.881610631942749,0.7116105556488037
Fc1cccc(F)c1C(=O)NC(=O)Nc2cc(Cl)c(F)c(Cl)c2F ,-7.28000020980835,-6.60284423828125,0.6771559715270996
Fc1cccc(F)c1C(=O)NC(=O)Nc2ccc(Cl)cc2,-6.019999980926514,-4.839632987976074,1.1803669929504395
c1cc(O)c(O)c2OCC3(O)CC4=CC(=O)C(O)=CC4=C3c21,-2.700000047683716,-2.4066758155822754,0.29332423210144043
CC1CCCCC1NC(=O)Nc2ccccc2,-4.110000133514404,-4.253337860107422,0.14333772659301758
N(Nc1ccccc1)c2ccccc2 ,-2.9200000762939453,-2.726168632507324,0.1938314437866211
CCN(CC)C(=O)CSc1ccc(Cl)nn1,-1.715999960899353,-2.6522302627563477,0.9362303018569946
c1ccnnc1,1.100000023841858,0.14629986882209778,0.9537001550197601
CC1CCCC1,-3.299999952316284,-1.9489467144012451,1.351053237915039
CCCCCC1CCCC1,-6.079999923706055,-4.082705974578857,1.9972939491271973
CCCC1CCCC1,-4.739999771118164,-3.1170780658721924,1.6229217052459717
C1CCCC1,-2.640000104904175,-1.5665955543518066,1.0734045505523682
CC(=O)C3(C)CCC4C2C=C(C)C1=CC(=O)CCC1(C)C2CCC34C,-5.269999980926514,-6.116042613983154,0.8460426330566406
CC(=O)OC3(CCC4C2C=C(C)C1=CC(=O)CCC1(C)C2CCC34C)C(C)=O ,-5.349999904632568,-4.849341869354248,0.5006580352783203
CC12CCC3C(CCc4cc(O)ccc34)C2CCC1=O,-3.9549999237060547,-4.118947982788086,0.16394805908203125
Cc1c(F)c(F)c(COC(=O)C2C(C=C(Cl)C(F)(F)F)C2(C)C)c(F)c1F,-7.321000099182129,-6.961662292480469,0.35933780670166016
c1ccc2c(c1)c3ccccc3c4ccccc24,-6.72599983215332,-6.8302154541015625,0.10421562194824219
Cc1occc1C(=O)Nc2ccccc2,-3.299999952316284,-2.6899144649505615,0.6100854873657227
OCC1OC(O)C(O)C(O)C1O,0.7400000095367432,0.5645237565040588,0.17547625303268433
C1CCOCC1,-0.029999999329447746,-1.2308725118637085,1.2008725125342607
C1OC(O)C(O)C(O)C1O,0.38999998569488525,0.48869141936302185,0.0986914336681366
c1c(OC)c(OC)C2C(=O)OCC2c1,-1.8990000486373901,-2.032135486602783,0.13313543796539307
O=C(Nc1ccccc1)Nc2ccccc2,-3.1500000953674316,-3.79378080368042,0.6437807083129883
COC(=O)Nc1cccc(OC(=O)Nc2cccc(C)c2)c1,-4.804999828338623,-4.441705703735352,0.3632941246032715
CCOC(=O)Nc2cccc(OC(=O)Nc1ccccc1)c2 ,-4.631999969482422,-4.259084224700928,0.37291574478149414
CC34CCC1C(CCc2cc(O)ccc12)C3CCC4(O)C#C ,-4.300000190734863,-4.460222244262695,0.16022205352783203
CC34CCC1C(CCc2cc(O)ccc12)C3CC(O)C4O ,-4.954999923706055,-3.223365306854248,1.7316346168518066
CC12CCC3C(CCc4cc(O)ccc34)C2CCC1O,-5.03000020980835,-3.9132351875305176,1.116765022277832
CCCOP(=S)(OCCC)SCC(=O)N1CCCCC1C,-4.150000095367432,-4.563281059265137,0.4132809638977051
NS(=O)(=O)c1cc(ccc1Cl)C2(O)NC(=O)c3ccccc23,-3.4509999752044678,-3.667452812194824,0.21645283699035645
Cn2c(=O)on(c1ccc(Cl)c(Cl)c1)c2=O,-2.819999933242798,-3.4406960010528564,0.6206960678100586
CC(C)NC(=O)N1CC(=O)N(C1=O)c2cc(Cl)cc(Cl)c2,-4.375999927520752,-3.680321216583252,0.6956787109375
NC(=O)NC1NC(=O)NC1=O ,-1.600000023841858,-0.9538955092430115,0.6461045145988464
O=C1CNC(=O)N1 ,-0.4000000059604645,-0.0521722137928009,0.3478277921676636
c1ccc2cc3c4cccc5cccc(c3cc2c1)c45,-8.489999771118164,-7.625738143920898,0.8642616271972656
O=c2[nH]c1CCCc1c(=O)n2C3CCCCC3,-4.593999862670898,-3.5759010314941406,1.0180988311767578
ClC(Cl)(Cl)C(NC=O)N1C=CN(C=C1)C(NC=O)C(Cl)(Cl)Cl ,-4.190000057220459,-2.77264666557312,1.4173533916473389
CCCCNC(=O)n1c(NC(=O)OC)nc2ccccc12,-4.882999897003174,-3.8648581504821777,1.018141746520996
Cc1ccc(OP(=O)(Oc2cccc(C)c2)Oc3ccccc3C)cc1,-6.010000228881836,-6.031399726867676,0.021399497985839844
Oc1ccc(c(O)c1)c3oc2cc(O)cc(O)c2c(=O)c3O ,-3.0829999446868896,-1.9848018884658813,1.0981980562210083
CCOC(=O)CCN(SN(C)C(=O)Oc1cccc2CC(C)(C)Oc21)C(C)C,-4.710000038146973,-3.9525911808013916,0.757408857345581
CCOC2Oc1ccc(OS(C)(=O)=O)cc1C2(C)C,-3.4200000762939453,-2.4935638904571533,0.926436185836792
CNC(=O)Oc1cccc2CC(C)(C)Oc12,-2.799999952316284,-2.428609848022461,0.37139010429382324
c1ccc2c(c1)c3cccc4c3c2cc5ccccc54,-8.229999542236328,-7.684993743896484,0.5450057983398438
CCC2NC(=O)c1cc(c(Cl)cc1N2)S(N)(=O)=O,-3.2899999618530273,-3.1280324459075928,0.16196751594543457
Cc1c2ccccc2c(C)c3ccccc13,-6.570000171661377,-5.785496234893799,0.7845039367675781
Cc1c2ccccc2cc3ccccc13,-5.889999866485596,-5.495786666870117,0.3942131996154785
c3ccc2c(O)c1ccccc1cc2c3 ,-4.730000019073486,-4.116143703460693,0.613856315612793
Cc1ccc2cc3ccccc3cc2c1,-6.960000038146973,-5.708926677703857,1.2510733604431152
c1ccc2cc3ccccc3cc2c1,-6.349999904632568,-5.19240140914917,1.1575984954833984
Nc3ccc2cc1ccccc1cc2c3 ,-5.170000076293945,-4.67816686630249,0.4918332099914551
CCC(=C(CC)c1ccc(O)cc1)c2ccc(O)cc2 ,-4.070000171661377,-4.360376358032227,0.2903761863708496
Cc2cnc1cncnc1n2,-0.8539999723434448,-0.7589218020439148,0.09507817029953003
COc2ncc1nccnc1n2,-1.1100000143051147,-1.416852355003357,0.3068523406982422
COc1ncnc2nccnc12 ,-1.1100000143051147,-1.020554780960083,0.08944523334503174
COc2cnc1cncnc1n2,-0.9100000262260437,-1.0427794456481934,0.13277941942214966
Oc2ncc1nccnc1n2,-1.9470000267028809,-0.7274486422538757,1.2195513844490051
COc2cnc1ncncc1n2,-1.1390000581741333,-1.0594605207443237,0.07953953742980957
Cc2ncc1nccnc1n2,-0.11999999731779099,-0.8840275406837463,0.7640275433659554
Cc1ncnc2nccnc12,-0.4659999907016754,-0.7447317242622375,0.27873173356056213
c2cnc1ncncc1n2,0.019999999552965164,-0.4816811680793762,0.5016811676323414
COc2c1occc1cc3ccc(=O)oc23 ,-3.6640000343322754,-3.3971328735351562,0.26686716079711914
c1ccc2ccccc2c1,-3.5999999046325684,-3.4676589965820312,0.1323409080505371
Brc1ccc2ccccc2c1,-4.400000095367432,-4.508483409881592,0.10848331451416016
Nc1cccc2ccccc12,-1.9199999570846558,-2.962482213973999,1.0424822568893433
Clc1cccc2ccccc12,-3.930000066757202,-4.249204635620117,0.31920456886291504
O=N(=O)c1cccc2ccccc12,-3.5399999618530273,-4.007294654846191,0.46729469299316406
CCN(CC)C(=O)C(C)Oc1cccc2ccccc12 ,-3.569999933242798,-4.114813327789307,0.5448133945465088
Ic1cccc2ccccc12,-4.550000190734863,-4.101968288421631,0.4480319023132324
CCc1cccc2ccccc12,-4.170000076293945,-4.525314807891846,0.3553147315979004
Cc1cc2ccccc2cc1C,-4.71999979019165,-4.479624271392822,0.24037551879882812
Oc1ccc2ccccc2c1,-2.2799999713897705,-2.5034565925598145,0.22345662117004395
CNC(=O)Oc1cccc2ccccc12,-3.2239999771118164,-3.2118356227874756,0.01216435432434082
Clc1ccc2ccccc2c1,-4.139999866485596,-4.193162441253662,0.053162574768066406
Cc1cccc2ccccc12,-3.700000047683716,-3.9862945079803467,0.28629446029663086
Cc1ccc2ccccc2c1,-3.7699999809265137,-4.010665416717529,0.24066543579101562
Cc1ccc2cc(C)ccc2c1,-4.889999866485596,-4.55078649520874,0.33921337127685547
CCc1ccc2ccccc2c1,-4.289999961853027,-4.528580665588379,0.23858070373535156
Cc1ccc(C)c2ccccc12,-4.139999866485596,-4.494046211242676,0.3540463447570801
Cc1cccc2c(C)cccc12,-4.678999900817871,-4.496090412139893,0.18290948867797852
Cc1cc(C)c2ccccc2c1,-4.289999961853027,-4.501780033111572,0.21178007125854492
Oc1cccc2ccccc12,-2.2200000286102295,-2.495255470275879,0.2752554416656494
Brc1cccc2ccccc12,-4.349999904632568,-4.565054416656494,0.21505451202392578
c1c(Br)ccc2ccccc12 ,-4.400000095367432,-4.508488178253174,0.10848808288574219
OC(C1=CC2C5C(C1C2=C(c3ccccc3)c4ccccn4)C(=O)NC5=O)(c6ccccc6)c7ccccn7 ,-3.930999994277954,-6.195410251617432,2.2644102573394775
O=Cc2ccc1OCOc1c2 ,-1.6299999952316284,-2.026634931564331,0.39663493633270264
O=C1NCCN1c2ncc(s2)N(=O)=O,-3.2200000286102295,-2.172468900680542,1.0475311279296875
CC3C2CCC1(C)C=CC(=O)C(=C1C2OC3=O)C,-3.0899999141693115,-3.8028087615966797,0.7128088474273682
Oc2ccc1ncccc1c2 ,-2.1600000858306885,-1.546557903289795,0.6134421825408936
Oc1cccc2ncccc12 ,-2.5399999618530273,-1.51576828956604,1.0242316722869873
Oc1cccc2cccnc12 ,-2.4200000762939453,-1.4741748571395874,0.9458252191543579
c1ccc2ncccc2c1,-1.2999999523162842,-2.3424975872039795,1.0424976348876953
c2c(C)cc1nc(C)ccc1c2 ,-1.940000057220459,-3.2839901447296143,1.3439900875091553
CC(C)C(Nc1ccc(cc1Cl)C(F)(F)F)C(=O)OC(C#N)c2cccc(Oc3ccccc3)c2,-8.003000259399414,-7.346230506896973,0.6567697525024414
CN(C=Nc1ccc(C)cc1C)C=Nc2ccc(C)cc2C,-5.46999979019165,-5.02355432510376,0.4464454650878906
O=C1CCCN1,1.0700000524520874,-0.11266882717609406,1.1826688796281815
O2c1ccccc1N(C)C(=O)c3cccnc23 ,-3.671999931335449,-3.154946804046631,0.5170531272888184
O2c1cc(C)ccc1N(C)C(=O)c3cc(N)cnc23 ,-3.0429999828338623,-3.2291600704193115,0.18616008758544922
c1ccc2c(c1)sc3ccccc23,-4.380000114440918,-5.096381664276123,0.7163815498352051
Clc2ccc1oc(=O)[nH]c1c2,-2.8310000896453857,-2.7696454524993896,0.061354637145996094
CCOP(=S)(OCC)SCn1c(=O)oc2cc(Cl)ccc12,-5.232999801635742,-5.030868053436279,0.2021317481994629
CCOC(=O)c1cncn1C(C)c2ccccc2,-4.735000133514404,-3.0961925983428955,1.6388075351715088
c3ccc2nc1ccccc1cc2c3,-3.6700000762939453,-4.293319225311279,0.623319149017334
Nc2cccc3nc1ccccc1cc23 ,-4.21999979019165,-3.8022656440734863,0.41773414611816406
c2ccc1[nH]ncc1c2 ,-2.1600000858306885,-1.4393935203552246,0.7206065654754639
CN2C(=C(O)c1ccccc1S2(=O)=O)C(=O)Nc3ccccn3 ,-4.159999847412109,-2.7780444622039795,1.3819553852081299
