smiles,w1,w2,w3,w4,top_slot,entropy_bits,top_minus_uniform,source
Cc1cccnc1C,0.075081,0.770390,0.076886,0.077642,2,1.141220,0.520390,qdf
Oc1ccc(cc1)c2ccccc2,0.077419,0.770019,0.072455,0.080107,2,1.142204,0.520019,qdf
CC1CCCC1,0.769642,0.071385,0.076818,0.082155,1,1.143198,0.519642,qdf
CCOC=C,0.082557,0.077503,0.070516,0.769425,4,1.143777,0.519425,qdf
O=N(=O)c1ccccc1N(=O)=O,0.769357,0.072678,0.084260,0.073704,1,1.143930,0.519357,qdf
CCCCNC(=O)n1c(NC(=O)OC)nc2ccccc12,0.768683,0.069807,0.085824,0.075685,1,1.145709,0.518683,qdf
c1(C(=O)OCCCCCC(C)(C))c(C(=O)OCCCCCC(C)(C))cccc1,0.767775,0.074698,0.088578,0.068949,1,1.148064,0.517775,qdf
CC34CCC1C(CC=C2CC(O)CCC12C)C3CCC4=O,0.079546,0.066092,0.767246,0.087116,3,1.149546,0.517246,qdf
COc2c1occc1cc3ccc(=O)oc23,0.766975,0.066935,0.076478,0.089613,1,1.150186,0.516975,qdf
CC12CC(O)C3C(CCC4=CC(=O)CCC34C)C2CCC1C(=O)CO,0.064838,0.766150,0.079539,0.089473,2,1.152422,0.516150,qdf
c1ccc2c(c1)c3cccc4c3c2cc5ccccc54,0.090476,0.079087,0.064635,0.765803,4,1.153317,0.515803,qdf
Oc1ccccc1O,0.765076,0.062751,0.085318,0.086855,1,1.155360,0.515076,qdf
Nc1cc(nc(N)n1=O)N2CCCCC2,0.765034,0.086005,0.062690,0.086272,1,1.155474,0.515034,qdf
C1CCC2CCCCC2C1,0.765009,0.094687,0.073893,0.066411,1,1.155190,0.515009,qdf
O=C1CNC(=O)N1,0.094157,0.075546,0.764923,0.065374,3,1.155470,0.514923,qdf
ON=Cc1ccc(o1)N(=O)=O,0.087539,0.086195,0.061954,0.764312,4,1.157387,0.514312,qdf
N(c1ccccc1)c2ccccc2,0.081270,0.764172,0.062558,0.092000,2,1.157644,0.514172,qdf
CCC(C)CO,0.762801,0.069119,0.068380,0.099700,1,1.160683,0.512801,qdf
CCCCC=O,0.060376,0.762480,0.090638,0.086506,2,1.162222,0.512480,qdf
CC1CCCCC1,0.761187,0.092664,0.086709,0.059440,1,1.165616,0.511187,qdf
c1ccc(cc1)c2ccccc2,0.068142,0.068142,0.102546,0.761170,4,1.164753,0.511170,qdf
O=C1NC(=O)NC(=O)C1(CC=C)c1ccccc1,0.066354,0.069900,0.760901,0.102845,3,1.165447,0.510901,qdf
O=C1NC(=O)NC(=O)C1(CC)c1ccccc1,0.760568,0.099021,0.079774,0.060637,1,1.166862,0.510568,qdf
Cc1ccc2ccccc2c1,0.060205,0.098205,0.081055,0.760535,4,1.167033,0.510535,qdf
CC(C)C(=O)C(C)C,0.066348,0.069624,0.103517,0.760511,4,1.166410,0.510511,qdf
CC(C)(C)c1ccc(O)cc1,0.759993,0.087902,0.058560,0.093544,1,1.168765,0.509993,qdf
Oc2cc(O)c1C(=O)CC(Oc1c2)c3ccc(O)c(O)c3,0.759762,0.091431,0.090536,0.058271,1,1.169413,0.509762,qdf
CCC(C)(C)O,0.758361,0.065038,0.069763,0.106838,1,1.171738,0.508361,qdf
CC12CC(O)C3C(CCC4=CC(=O)CCC34C)C2CCC1(O)C(=O)CO,0.104476,0.077173,0.757972,0.060380,3,1.173223,0.507972,qdf
CCCCCC1CCCC1,0.086978,0.097674,0.057496,0.757852,4,1.174279,0.507852,qdf
CC/C=C/C,0.056553,0.756587,0.089548,0.097312,2,1.177661,0.506587,qdf
CCCCCCCCCC(=O)OC,0.755840,0.074322,0.108945,0.060892,1,1.178257,0.505840,qdf
CCCOC(=O)CC,0.755337,0.093049,0.055709,0.095904,1,1.180994,0.505337,qdf
c1c(O)C2C(=O)C3cc(O)ccC3OC2cc1(OC),0.064960,0.067718,0.754402,0.112920,3,1.181312,0.504402,qdf
c1ccc2cc3cc4ccccc4cc3cc2c1,0.075372,0.753739,0.059565,0.111324,2,1.183522,0.503739,qdf
CCN(CC)c1ccccc1,0.753467,0.105015,0.055897,0.085621,1,1.185338,0.503467,qdf
C1OC1c2ccccc2,0.069509,0.062976,0.753084,0.114431,3,1.184568,0.503084,qdf
C/C1CCCCC1\C,0.752631,0.061472,0.114490,0.071406,1,1.185805,0.502631,qdf
C1CCC=CC1,0.058501,0.751584,0.113806,0.076109,2,1.188860,0.501584,qdf
CCC#C,0.080249,0.112918,0.056444,0.750390,4,1.192321,0.500390,qdf
C1CCCC1,0.108312,0.054451,0.087139,0.750097,4,1.193918,0.500097,qdf
O2c1cc(C)ccc1N(C)C(=O)c3cc(N)cnc23,0.087306,0.749640,0.108776,0.054278,2,1.195072,0.499640,qdf
CN(C)C(=O)Oc1nc(nc(C)c1C)N(C)C,0.102669,0.053030,0.749068,0.095232,3,1.197151,0.499068,qdf
CCCCCCOC(=O)c1ccccc1C(=O)OCCCCCC,0.748714,0.114228,0.055541,0.081516,1,1.196581,0.498714,qdf
CC(C)CC(=O)C,0.119865,0.748617,0.060456,0.071062,2,1.195356,0.498617,qdf
CCC(C)CC,0.748554,0.086776,0.110597,0.054072,1,1.197695,0.498554,qdf
C,0.087422,0.110417,0.053862,0.748298,4,1.198407,0.498298,qdf
CCC(C)C(=O)OC2CC(C)C=C3C=CC(C)C(CCC1CC(O)CC(=O)O1)C23,0.747728,0.093276,0.052770,0.106226,1,1.200413,0.497728,qdf
CCCOCCC,0.747640,0.122259,0.065413,0.064688,1,1.197279,0.497640,qdf
CCCCCCCC#C,0.747575,0.083408,0.054658,0.114360,1,1.199631,0.497575,qdf
CC(=O)OCC(=O)C1(O)CCC2C3CCC4=CC(=O)CCC4(C)C3C(O)CC21C,0.053953,0.085731,0.747233,0.113084,3,1.200802,0.497233,qdf
CCc1ccccn1,0.105242,0.096467,0.746259,0.052033,3,1.204310,0.496259,qdf
CCCCC(C)(C)O,0.746098,0.098388,0.051874,0.103640,1,1.204799,0.496098,qdf
c1ccc2c(c1)cnc3ccccc23,0.051823,0.098396,0.745936,0.103845,3,1.205209,0.495936,qdf
CC(=O)OCC(=O)C3(O)CCC4C2CCC1=CC(=O)C=CC1(C)C2C(O)CC34C,0.745812,0.051784,0.098398,0.104007,1,1.205522,0.495812,qdf
Nc1nc(O)nc2nc[nH]c12,0.117664,0.083766,0.744717,0.053854,3,1.206594,0.494717,qdf
CCC(O)CC,0.128041,0.068683,0.060610,0.742665,4,1.208957,0.492665,qdf
c1cC2C(=O)NC(=O)C2cc1,0.742568,0.128493,0.061730,0.067209,1,1.209048,0.492568,qdf
Nc1nc[nH]n1,0.091947,0.051514,0.114214,0.742325,4,1.213620,0.492325,qdf
CCC(C)O,0.058557,0.071419,0.128314,0.741710,4,1.211495,0.491710,qdf
Cc1ccc(O)c(C)c1,0.121450,0.052228,0.086185,0.740137,4,1.217946,0.490137,qdf
c1cc(O)c(O)c2OCC3(O)CC4=CC(=O)C(O)=CC4=C3c21,0.739713,0.120284,0.051629,0.088375,1,1.219353,0.489713,qdf
CN(C)C(=O)OC1=CC(=O)CC(C)(C)C1,0.051893,0.739633,0.121324,0.087149,2,1.219319,0.489633,qdf
CC(C)CCCO,0.103923,0.049752,0.739360,0.106965,3,1.221880,0.489360,qdf
CCN2c1ccccc1N(C)C(=O)c3cccnc23,0.132767,0.065833,0.062150,0.739250,4,1.216470,0.489250,qdf
Cc1c2ccccc2cc3ccccc13,0.051540,0.739010,0.088158,0.121292,2,1.220982,0.489010,qdf
O=C1NC(=O)NC(=O)C1(C(C)C)C(C)C,0.101847,0.111203,0.049386,0.737564,4,1.226244,0.487564,qdf
C2c1ccccc1N(CCF)C(=O)c3ccccc23,0.737175,0.132047,0.055690,0.075088,1,1.222496,0.487174,qdf
COCC(=O)N(C(C)C(=O)OC)c1c(C)cccc1C,0.053601,0.131736,0.079233,0.735431,4,1.227372,0.485431,qdf
Oc1ccc(cc1)C2(OC(=O)c3ccccc23)c4ccc(O)cc4,0.112207,0.048680,0.734948,0.104165,3,1.232793,0.484948,qdf
CCN2c1ccccc1N(C)C(=O)c3ccccc23,0.049025,0.098443,0.734519,0.118013,3,1.233312,0.484519,qdf
c1ccccc1C(O)C(O)c2ccccc2,0.128650,0.051241,0.734174,0.085935,3,1.231816,0.484174,qdf
CCCCCCc1ccccc1,0.056602,0.733548,0.072243,0.137607,2,1.230045,0.483548,qdf
CC34CCC1C(CCC2=CC(=O)CCC12O)C3CCC4(O)C#C,0.049899,0.126127,0.090954,0.733020,4,1.235587,0.483020,qdf
CCc1ccc(C)cc1,0.078625,0.134908,0.733002,0.053466,3,1.232714,0.483002,qdf
CCCOC(=O)c1ccc(N)cc1,0.140445,0.732925,0.061999,0.064630,2,1.230385,0.482925,qdf
CC(C)c1ccc(C)cc1O,0.129410,0.050667,0.087258,0.732666,4,1.235589,0.482666,qdf
CN(C)c1ccccc1,0.048786,0.097385,0.732530,0.121299,3,1.237899,0.482530,qdf
CCN(=O)=O,0.077318,0.053923,0.136328,0.732431,4,1.233671,0.482431,qdf
OCC(O)C(O)CO,0.732221,0.071865,0.139297,0.056618,1,1.232898,0.482221,qdf
Nc1c(C)c[nH]c(=O)n1,0.110722,0.109723,0.731720,0.047835,3,1.240878,0.481720,qdf
Cc1ccc(cc1)c2ccccc2,0.730906,0.083001,0.051608,0.134485,1,1.238534,0.480906,qdf
O=C1NC(=O)NC(=O)C1(CC)C(C)CC,0.138749,0.053074,0.078455,0.729723,4,1.239973,0.479723,qdf
CCOC(=O)CC(=O)OCC,0.051464,0.082451,0.728527,0.137558,3,1.243705,0.478527,qdf
CC(=O)OCC(=O)C3(O)C(CC4C2CCC1=CC(=O)C=CC1(C)C2(F)C(O)CC34C)OC(C)=O,0.047593,0.121864,0.728462,0.102081,3,1.248174,0.478462,qdf
COC(=O)C1=C(C)NC(=C(C1c2ccccc2N(=O)=O)C(=O)OC)C,0.055656,0.072514,0.143880,0.727950,4,1.242354,0.477950,qdf
CC(=O)c1ccccc1,0.142944,0.054199,0.727595,0.075263,3,1.243796,0.477595,qdf
C1Cc2cccc3cccc1c23,0.089874,0.726519,0.049192,0.134415,2,1.250194,0.476519,qdf
CC(=O)N,0.048960,0.726438,0.133701,0.090902,2,1.250640,0.476438,qdf
Cc1ccc(C)c(C)c1,0.131975,0.093407,0.048436,0.726182,4,1.251829,0.476182,qdf
CC(C)c1ccccc1,0.049872,0.138944,0.724894,0.086290,3,1.252831,0.474894,qdf
O=C2CN(N=Cc1ccc(o1)N(=O)=O)C(=O)N2,0.052363,0.078687,0.144219,0.724731,4,1.250948,0.474731,qdf
CCCCCCCC(=O)OC,0.147155,0.724349,0.074136,0.054360,2,1.250489,0.474348,qdf
CCC(CC)C=O,0.049951,0.085618,0.140444,0.723987,4,1.254632,0.473987,qdf
CCCCOCCCC,0.723893,0.046990,0.101219,0.127898,1,1.258677,0.473893,qdf
CC1CC(C)C(=O)C(C1)C(O)CC2CC(=O)NC(=O)C2,0.109337,0.723670,0.046321,0.120672,2,1.260244,0.473670,qdf
C(c1ccccc1)c2ccccc2,0.060433,0.064818,0.723651,0.151098,3,1.250171,0.473651,qdf
O=C1NC(=O)NC(=O)C1(CC=C)CC=C,0.102415,0.046641,0.722290,0.128654,3,1.262567,0.472290,qdf
COC(=O)c1ccccc1OC2OC(COC3OCC(O)C(O)C3O)C(O)C(O)C2O,0.721956,0.105332,0.046320,0.126391,1,1.263800,0.471956,qdf
CCCN(CCC)c1c(cc(cc1N(=O)=O)C(F)(F)F)N(=O)=O,0.115309,0.119437,0.719748,0.045505,3,1.269838,0.469748,qdf
Cc1cc(no1)C(=O)NNCc2ccccc2,0.719603,0.083415,0.050136,0.146845,1,1.263438,0.469604,qdf
CNC(=O)Oc1cccc2ccccc12,0.719389,0.140899,0.047950,0.091763,1,1.266522,0.469389,qdf
C=CC#N,0.719263,0.128762,0.045891,0.106084,1,1.270102,0.469263,qdf
O=C1NC(=O)NC(=O)C1(C)C,0.051146,0.719187,0.149337,0.080330,2,1.263313,0.469187,qdf
c1(O)c(C)ccc(C(C)C)c1,0.045569,0.719026,0.125100,0.110305,2,1.271193,0.469026,qdf
O=C1NC(=O)NC(=O)C1(CC)CC,0.068301,0.057119,0.156469,0.718110,4,1.262132,0.468110,qdf
CC(C)OC(=O)C,0.052102,0.077602,0.718004,0.152292,3,1.264910,0.468004,qdf
CC(C)Cc1ccccc1,0.717353,0.154859,0.053603,0.074186,1,1.265194,0.467353,qdf
Cc1cccc(N)c1,0.716803,0.052813,0.075727,0.154657,1,1.266806,0.466803,qdf
CCCCC1C(=O)N(N(C1=O)c2ccccc2)c3ccccc3,0.067414,0.716502,0.158506,0.057578,2,1.265240,0.466502,qdf
CCCCCCCCCC(=O)OCC,0.072359,0.054464,0.156809,0.716368,4,1.266689,0.466368,qdf
CCO,0.108217,0.045147,0.131930,0.714705,4,1.280785,0.464705,qdf
CC1=CC(=O)CC(C)(C)C1,0.713178,0.142585,0.046173,0.098064,1,1.281860,0.463178,qdf
CC(=C)C=C,0.161849,0.713101,0.068644,0.056406,2,1.272351,0.463101,qdf
CCCCc1c(C)nc(NCC)[nH]c1=O,0.050900,0.079339,0.157430,0.712330,4,1.277229,0.462330,qdf
CO,0.050952,0.158346,0.079061,0.711641,4,1.278534,0.461641,qdf
CC(C)c1ccc(NC(=O)N(C)C)cc1,0.078248,0.051068,0.708985,0.161698,3,1.283603,0.458985,qdf
CC(=O)OCC(=O)C3(O)CCC4C2CCC1=CC(=O)CCC1(C)C2C(=O)CC34C,0.046286,0.094183,0.152971,0.706561,4,1.294625,0.456561,qdf
COc1ccc(C=O)cc1,0.050015,0.080468,0.706292,0.163224,3,1.289840,0.456293,qdf
CCCCOc1ccc(C(=O)OCC)c(c1)N(CC)CC,0.054430,0.705869,0.168820,0.070880,2,1.287217,0.455869,qdf
CC(=C)C1CC=C(C)C(=O)C1,0.098937,0.045309,0.704910,0.150844,3,1.299701,0.454910,qdf
CC(C)CCOC=O,0.071112,0.054218,0.704777,0.169893,3,1.289406,0.454777,qdf
NC(=O)N,0.044550,0.104240,0.146456,0.704755,4,1.301654,0.454755,qdf
Oc1cccc2ccccc12,0.043294,0.121543,0.130614,0.704549,4,1.305177,0.454549,qdf
N#Cc1ccccc1,0.703399,0.160586,0.047282,0.088734,1,1.298984,0.453399,qdf
CCCCC(O)CC,0.130086,0.123589,0.703228,0.043098,3,1.308261,0.453228,qdf
CC(C)CCO,0.063039,0.059880,0.174466,0.702614,4,1.291842,0.452614,qdf
COc5cc4OCC3Oc2c1CC(Oc1ccc2C(=O)C3c4cc5OC)C(C)=C,0.701669,0.043046,0.135750,0.119535,1,1.311398,0.451669,qdf
CCCC(C)(C)CO,0.141387,0.113670,0.701577,0.043366,3,1.310690,0.451577,qdf
O=Cc2ccc1OCOc1c2,0.042904,0.701139,0.133993,0.121964,2,1.312811,0.451139,qdf
CCC(C)c1cc(cc(N(=O)=O)c1O)N(=O)=O,0.158418,0.094708,0.045781,0.701093,4,1.306018,0.451093,qdf
Cc1c2ccccc2c(C)c3ccccc13,0.700736,0.055035,0.069295,0.174934,1,1.296598,0.450736,qdf
O=C(C=CC=Cc2ccc1OCOc1c2)N3CCCCC3,0.093075,0.699452,0.161467,0.046006,2,1.308665,0.449452,qdf
O=N(=O)OCC(CON(=O)=O)ON(=O)=O,0.164005,0.090220,0.046633,0.699142,4,1.308089,0.449142,qdf
CCOc1ccc(NC(N)=O)cc1,0.179226,0.057019,0.066105,0.697649,4,1.301583,0.447649,qdf
O=C1N(COC(=O)CCCCCC)C(=O)C(N1)(c2ccccc2)c3ccccc3,0.697366,0.050447,0.174297,0.077890,1,1.306138,0.447366,qdf
CCCCc1ccccc1,0.046280,0.090995,0.696382,0.166343,3,1.313851,0.446382,qdf
Cc1cccc2ccccc12,0.055188,0.696119,0.180089,0.068605,2,1.305039,0.446119,qdf
CCCCCCCCC(=O)C,0.695774,0.042571,0.143644,0.118012,1,1.323923,0.445774,qdf
CCCCCCCCCCCCCC,0.045261,0.693194,0.094825,0.166720,2,1.321746,0.443194,qdf
Cc1c(C)c2c3ccccc3ccc2c4ccccc14,0.692845,0.045904,0.169509,0.091741,1,1.321050,0.442845,qdf
Fc1c[nH]c(=O)[nH]c1=O,0.099445,0.163383,0.692783,0.044389,3,1.324491,0.442783,qdf
CCCCCC(=O)OCC,0.160763,0.104446,0.043544,0.691247,4,1.329464,0.441247,qdf
CCCCCCC(=O)C,0.126165,0.041802,0.691099,0.140934,3,1.335058,0.441099,qdf
C1CCOCC1,0.159377,0.043248,0.690832,0.106543,3,1.331042,0.440832,qdf
CCC(O)(CC)CC,0.044315,0.166079,0.690505,0.099101,3,1.328814,0.440505,qdf
c1ccccc1(OC(=O)NC),0.690233,0.042227,0.150921,0.116619,1,1.335229,0.440233,qdf
CCN(CC)c1c(cc(c(N)c1N(=O)=O)C(F)(F)F)N(=O)=O,0.056004,0.066883,0.689903,0.187210,3,1.315880,0.439903,qdf
C(Cc1ccccc1)c2ccccc2,0.127739,0.041600,0.141329,0.689332,4,1.338992,0.439332,qdf
CC34CC(O)C1(F)C(CCC2=CC(=O)CCC12C)C3CCC4(O)C(=O)CO,0.688588,0.162585,0.043231,0.105596,1,1.335151,0.438588,qdf
CCCc1ccccc1,0.041485,0.688492,0.129396,0.140627,2,1.340932,0.438492,qdf
OC1CCCCCCC1,0.083912,0.688168,0.180132,0.047788,2,1.326119,0.438168,qdf
N(Nc1ccccc1)c2ccccc2,0.189473,0.687940,0.066179,0.056408,2,1.319201,0.437940,qdf
CCC(C)C1(CC=C)C(=O)NC(=O)NC1=O,0.124011,0.041574,0.687352,0.147063,3,1.342679,0.437352,qdf
Cc1cc(cc(N(=O)=O)c1O)N(=O)=O,0.041373,0.687199,0.129369,0.142059,2,1.343682,0.437199,qdf
CCC(=O)OC3CCC4C2CCC1=CC(=O)CCC1(C)C2CCC34C,0.177817,0.090715,0.685686,0.045781,3,1.334099,0.435686,qdf
CCNc1ccccc1,0.078081,0.186555,0.685590,0.049774,3,1.327953,0.435590,qdf
CCCCCc1ccccc1,0.105767,0.684778,0.166462,0.042993,2,1.342653,0.434778,qdf
CCCC=C,0.116710,0.683558,0.157962,0.041770,2,1.348782,0.433558,qdf
c2ccc1[nH]ncc1c2,0.194999,0.683416,0.060303,0.061282,2,1.326398,0.433416,qdf
Cc1c(cc(cc1N(=O)=O)N(=O)=O)N(=O)=O,0.073070,0.191611,0.051971,0.683348,4,1.329645,0.433348,qdf
O2c1ccccc1N(C)C(=O)c3cccnc23,0.052750,0.192571,0.071584,0.683095,4,1.329475,0.433095,qdf
O=Cc1ccco1,0.683068,0.195178,0.063357,0.058397,1,1.327173,0.433068,qdf
CCCC(C)(O)CC,0.682644,0.083123,0.186436,0.047797,1,1.335755,0.432644,qdf
C1CCOC1,0.682559,0.041760,0.159589,0.116092,1,1.350586,0.432559,qdf
NC(N)=NC#N,0.682110,0.166988,0.108383,0.042519,1,1.348824,0.432110,qdf
CC12CCC3C(CCc4cc(O)ccc34)C2CCC1=O,0.682020,0.068752,0.054378,0.194851,1,1.330299,0.432020,qdf
O=C1NC(=O)C(=O)N1,0.196703,0.059395,0.681744,0.062158,3,1.329317,0.431744,qdf
CCC1(C(=O)NC(=O)NC1=O)C2=CCC3CCC2C3,0.045756,0.182611,0.090066,0.681566,4,1.341329,0.431566,qdf
CCC1CCCCC1,0.680742,0.069519,0.053847,0.195892,1,1.332768,0.430741,qdf
O2c1ccccc1N(CC)C(=O)c3ccccc23,0.680482,0.145257,0.133534,0.040728,1,1.358169,0.430482,qdf
CCCC(C)CO,0.680385,0.107504,0.169573,0.042538,1,1.351780,0.430385,qdf
O=C1NC(=O)NC(=O)C1(C(C)CCC)CC=C,0.118486,0.041402,0.160322,0.679789,4,1.356753,0.429789,qdf
CCC(=C(CC)c1ccc(O)cc1)c2ccc(O)cc2,0.046781,0.187589,0.679638,0.085992,3,1.342633,0.429638,qdf
CC34CC(=O)C1C(CCC2=CC(=O)CCC12C)C3CCC4(=O),0.062910,0.058598,0.199390,0.679102,4,1.333878,0.429102,qdf
CCCCCCCCCCCCCCCC,0.678687,0.049901,0.194315,0.077097,1,1.339632,0.428687,qdf
CCCCCCCCCCCCCCO,0.101196,0.176918,0.678525,0.043360,3,1.352487,0.428525,qdf
Cc1cc(C)cc(O)c1,0.160522,0.123179,0.040823,0.675476,4,1.366499,0.425476,qdf
O=N(=O)c1cccc2ccccc12,0.675225,0.096629,0.044041,0.184105,1,1.356209,0.425225,qdf
CCC,0.040192,0.139817,0.674792,0.145200,3,1.370378,0.424792,qdf
CC(C)c1ccccc1C,0.045054,0.091790,0.674448,0.188708,3,1.354979,0.424448,qdf
CC(=O)C(C)(C)C,0.042776,0.103066,0.182402,0.671756,4,1.365736,0.421755,qdf
CCCCC(CC)CO,0.204006,0.671049,0.073806,0.051139,2,1.350923,0.421049,qdf
CCCCCC,0.200988,0.079408,0.048689,0.670915,4,1.354062,0.420915,qdf
CCCCCC(O)CC,0.187503,0.043548,0.670658,0.098291,3,1.365209,0.420658,qdf
CC=C(C(=CC)c1ccc(O)cc1)c2ccc(O)cc2,0.177255,0.669488,0.041527,0.111730,2,1.373874,0.419488,qdf
CC(=O)OC3(CCC4C2C=C(C)C1=CC(=O)CCC1(C)C2CCC34C)C(C)=O,0.046966,0.199461,0.084187,0.669386,4,1.359340,0.419386,qdf
CC12CCC3C(CCC4=CC(=O)CCC34C)C2CCC1O,0.668170,0.039704,0.140363,0.151764,1,1.383916,0.418170,qdf
CCCCCC(C)C,0.668156,0.179533,0.110726,0.041586,1,1.375854,0.418156,qdf
CC1=C(CCCO1)C(=O)Nc2ccccc2,0.059239,0.061679,0.667580,0.211502,3,1.352650,0.417580,qdf
CC(C)C(C)C(C)C,0.062469,0.058507,0.211928,0.667095,4,1.353500,0.417095,qdf
c3ccc2c(O)c1ccccc1cc2c3,0.209355,0.051827,0.666627,0.072190,3,1.357368,0.416627,qdf
Cn1ccc(=O)[nH]c1=O,0.666606,0.124062,0.169039,0.040294,1,1.383766,0.416606,qdf
CCOC(=O)c1ccc(O)cc1,0.665628,0.045551,0.200189,0.088632,1,1.368268,0.415628,qdf
COc2c1occc1c(OC)c3c(=O)cc(C)oc23,0.059628,0.665577,0.061189,0.213606,2,1.355791,0.415576,qdf
CC(=O)OCC(COC(=O)C)OC(=O)C,0.664807,0.040086,0.169203,0.125904,1,1.387694,0.414807,qdf
CC1OC(CC(O)C1O)OC2C(O)CC(OC2C)OC8C(O)CC(OC7CCC3(C)C(CCC4C3CC(O)C5(C)C(CCC45O)C6=CC(=O)OC6)C7)OC8C,0.079424,0.207924,0.048478,0.664173,4,1.365156,0.414173,qdf
COc1nc(NC(C)C)nc(NC(C)C)n1,0.662767,0.039319,0.142432,0.155483,1,1.394836,0.412767,qdf
CC(C)C(=O)C,0.661644,0.043514,0.096902,0.197939,1,1.379903,0.411644,qdf
O=C1N(COC(=O)CCCC)C(=O)C(N1)(c2ccccc2)c3ccccc3,0.661425,0.041135,0.185083,0.112357,1,1.388608,0.411425,qdf
CC12CCC3C(CCc4cc(O)ccc34)C2CCC1O,0.661243,0.039245,0.158021,0.141491,1,1.397721,0.411243,qdf
CN(=O)=O,0.661073,0.171467,0.127660,0.039800,1,1.395166,0.411073,qdf
O=C1c2ccccc2C(=O)c3ccccc13,0.658900,0.057851,0.062923,0.220326,1,1.366322,0.408900,qdf
C=CC=C,0.194221,0.106680,0.041727,0.657372,4,1.392696,0.407372,qdf
c1ccc2c3c(ccc2c1)c4cccc5cccc3c45,0.656313,0.044604,0.091302,0.207781,1,1.385160,0.406313,qdf
CCC(O)C(C)C,0.039767,0.124008,0.654287,0.181939,3,1.406174,0.404287,qdf
CC(=C)C(=C)C,0.216730,0.653929,0.047234,0.082107,2,1.382963,0.403929,qdf
CC#C,0.139704,0.653760,0.038892,0.167643,2,1.411686,0.403760,qdf
C/C1CCC(\C)CC1,0.651922,0.222096,0.076694,0.049288,1,1.382669,0.401922,qdf
CCC1(CCC(C)C)C(=O)NC(=O)NC1=O,0.040355,0.116089,0.650556,0.193000,3,1.409103,0.400556,qdf
CCC=O,0.040002,0.119447,0.190602,0.649950,4,1.411739,0.399950,qdf
COC(=O)c1ccccc1,0.040608,0.649890,0.195894,0.113607,2,1.408951,0.399890,qdf
Cc1ncc(N(=O)=O)n1CCO,0.230038,0.649515,0.062341,0.058106,2,1.380187,0.399515,qdf
CC1CC2C3CCC4=CC(=O)C=CC4(C)C3(F)C(O)CC2(C)C1(O)C(=O)CO,0.048988,0.077271,0.649458,0.224283,3,1.386704,0.399458,qdf
OCC(O)CO,0.059855,0.648833,0.230873,0.060439,2,1.381014,0.398833,qdf
CC(C)(C)CO,0.074558,0.647501,0.227778,0.050164,2,1.387982,0.397501,qdf
CN(C)C(=O)NC1CCCCCCC1,0.074479,0.646074,0.050172,0.229275,2,1.390017,0.396074,qdf
CCCOCC,0.644831,0.157928,0.159125,0.038115,1,1.430311,0.394831,qdf
OC1C(O)C(O)C(O)C(O)C1O,0.143723,0.174244,0.643733,0.038300,3,1.430795,0.393733,qdf
Cc1cncc(C)c1,0.205805,0.643669,0.040938,0.109588,2,1.416800,0.393669,qdf
OCC1OC(OC2C(O)C(O)C(O)OC2CO)C(O)C(O)C1O,0.640035,0.037878,0.166752,0.155335,1,1.439158,0.390035,qdf
C1C(O)CCC2(C)CC3CCC4(C)C5(C)CC6OCC(C)CC6OC5CC4C3C=C21,0.048522,0.639465,0.077930,0.234083,2,1.401600,0.389465,qdf
CC1CO1,0.100467,0.218345,0.638924,0.042264,3,1.418243,0.388924,qdf
CC(C)COC(=O)C,0.139707,0.038230,0.638001,0.184062,3,1.439825,0.388001,qdf
CCN2c1cc(N(C)C)cc(C)c1NC(=O)c3cccnc23,0.637986,0.193745,0.129454,0.038814,1,1.436172,0.387986,qdf
CC1=CCCCC1,0.239791,0.637888,0.069836,0.052485,2,1.399080,0.387888,qdf
CCC(C)(O)CC,0.045868,0.637663,0.231187,0.085282,2,1.409230,0.387663,qdf
Cc1ncnc2nccnc12,0.044675,0.636550,0.229405,0.089369,2,1.413784,0.386550,qdf
CCCCCCC=C,0.202849,0.122077,0.039343,0.635731,4,1.436360,0.385731,qdf
CC(C)(C)CCO,0.634769,0.237154,0.047360,0.080716,1,1.410046,0.384769,qdf
c1ccc2c(c1)ccc3ccccc32,0.053595,0.067930,0.244600,0.633876,4,1.403643,0.383876,qdf
O=C2NC(=O)C1(CCCC1)C(=O)N2,0.631990,0.059485,0.060454,0.248071,1,1.404211,0.381990,qdf
O=N(=O)c1cccc(c1)N(=O)=O,0.128595,0.630629,0.038669,0.202108,2,1.447661,0.380629,qdf
Cc1cccc(C)c1,0.630317,0.222432,0.106102,0.041149,1,1.434859,0.380317,qdf
Cc1cc(C)cc(C)c1,0.037395,0.630085,0.157624,0.174896,2,1.457243,0.380085,qdf
CN2C(=O)CN=C(c1ccccc1)c3cc(ccc23)N(=O)=O,0.041954,0.227880,0.629022,0.101144,3,1.433194,0.379022,qdf
CC(=O)C3CCC4C2CC=C1CC(O)CCC1(C)C2CCC34C,0.628644,0.067115,0.250189,0.054052,1,1.410194,0.378644,qdf
CC1CCCCC1NC(=O)Nc2ccccc2,0.628543,0.148060,0.185827,0.037569,1,1.458134,0.378543,qdf
CC(C)c1ccc(C)cc1,0.628493,0.169016,0.037253,0.165238,1,1.460605,0.378493,qdf
c1c(NC(=O)OC(C)C(=O)NCC)cccc1,0.175778,0.159109,0.037278,0.627834,4,1.461349,0.377834,qdf
CC(=O)OC3CCC4C2CCC1=CC(=O)CCC1(C)C2CCC34C,0.180347,0.037362,0.627807,0.154484,3,1.460740,0.377807,qdf
CCC(=O)OC,0.209253,0.124212,0.038951,0.627585,4,1.450171,0.377585,qdf
O=N(=O)c1ccccc1,0.044018,0.091329,0.627213,0.237440,3,1.428308,0.377213,qdf
Nc3nc(N)c2nc(c1ccccc1)c(N)nc2n3,0.626419,0.237253,0.092643,0.043685,1,1.430405,0.376419,qdf
CCCCCC=O,0.041628,0.626074,0.102708,0.229591,2,1.438509,0.376074,qdf
CCCC(O)C=C,0.135073,0.038090,0.201412,0.625425,4,1.458778,0.375425,qdf
CNC(=O)Oc1cccc(N=CN(C)C)c1,0.135425,0.624894,0.201627,0.038054,2,1.459763,0.374894,qdf
COC=O,0.138986,0.199630,0.623570,0.037814,3,1.463305,0.373570,qdf
c1ccc(cc1)c2ccc(cc2)c3ccccc3,0.164459,0.623391,0.175118,0.037032,2,1.469572,0.373391,qdf
CC(C)C(C(=O)OC(C#N)c1cccc(Oc2ccccc2)c1)c3ccc(OC(F)F)cc3,0.107643,0.040776,0.229101,0.622480,4,1.447141,0.372480,qdf
O=c1cc[nH]c(=O)[nH]1,0.621660,0.245064,0.088624,0.044651,1,1.433626,0.371660,qdf
OCC3OC(OCC2OC(OC(C#N)c1ccccc1)C(O)C(O)C2O)C(O)C(O)C3O,0.066127,0.258450,0.620794,0.054628,3,1.419744,0.370794,qdf
c1ccc2ccccc2c1,0.254470,0.048737,0.620030,0.076764,3,1.426725,0.370030,qdf
COc2ccc(Oc1ccc(NC(=O)N(C)C)cc1)cc2,0.619549,0.094529,0.043149,0.242773,1,1.441101,0.369549,qdf
CC(C)CCOC(=O)C,0.241331,0.042227,0.617669,0.098772,3,1.446958,0.367669,qdf
CC(C)COC=O,0.261031,0.052192,0.069843,0.616934,4,1.426206,0.366934,qdf
CC34CCC1C(CCC2CC(O)CCC12C)C3CCC4=O,0.059244,0.060462,0.264005,0.616289,4,1.423907,0.366289,qdf
C1Cc2ccccc2C1,0.615894,0.263630,0.065337,0.055139,1,1.425420,0.365894,qdf
CCCCCO,0.188337,0.158931,0.615893,0.036839,3,1.481470,0.365893,qdf
Oc1cccc2cccnc12,0.227546,0.615565,0.117508,0.039381,2,1.463659,0.365565,qdf
CCC#N,0.615355,0.223128,0.038839,0.122677,1,1.467289,0.365355,qdf
CNC(=O)Oc1ccccc1OC(C)C,0.039739,0.114252,0.232000,0.614009,4,1.463563,0.364009,qdf
CCCCO,0.038783,0.613619,0.224669,0.122930,2,1.469894,0.363619,qdf
O2c1ccc(N)cc1N(C)C(=O)c3cc(C)ccc23,0.094372,0.250824,0.043087,0.611717,4,1.451055,0.361717,qdf
CCCCCCCCC,0.611395,0.036541,0.184868,0.167196,1,1.490106,0.361395,qdf
CCCCC1C(=O)N(N(C1=O)c2ccc(O)cc2)c3ccccc3,0.608901,0.188085,0.036465,0.166550,1,1.494088,0.358901,qdf
c2cnc1ncncc1n2,0.608361,0.245890,0.041030,0.104720,1,1.463793,0.358361,qdf
CCCCCCC(=O)OCC,0.269977,0.606640,0.050348,0.073035,2,1.440277,0.356640,qdf
CC1(O)CCC2C3CCC4=CC(=O)CCC4(C)C3CCC21C,0.040324,0.244430,0.606167,0.109079,3,1.470054,0.356167,qdf
Cn2cc(c1ccccc1)c(=O)c(c2)c3cccc(c3)C(F)(F)F,0.098789,0.254006,0.605134,0.042071,3,1.462925,0.355134,qdf
CCOC(=O)c1ccc(N)cc1,0.604250,0.135024,0.037623,0.223102,1,1.490089,0.354250,qdf
CNC(=O)Oc1cccc2CC(C)(C)Oc12,0.045515,0.604189,0.265248,0.085047,2,1.452320,0.354189,qdf
c1(O)cc(O)ccc1CCCCCC,0.258249,0.603738,0.042813,0.095200,2,1.461551,0.353738,qdf
c1cc2ccc3ccc4ccc5cccc6c(c1)c2c3c4c56,0.080505,0.047069,0.603626,0.268799,3,1.449235,0.353626,qdf
CCCOC,0.042422,0.097021,0.603229,0.257327,3,1.463752,0.353229,qdf
c1c(OC)c(OC)C2C(=O)OCC2c1,0.277276,0.602982,0.062402,0.057341,2,1.439431,0.352982,qdf
CCCCc1c(C)nc(nc1O)N(C)C,0.261487,0.602823,0.092176,0.043514,2,1.460028,0.352823,qdf
O=C1N(C2CCC(=O)NC2=O)C(=O)c3ccccc13,0.195202,0.036251,0.166498,0.602050,4,1.504936,0.352050,qdf
O=C1NC(=O)NC(=O)C1(CC)C(C)CCC,0.036868,0.214166,0.147251,0.601715,4,1.499594,0.351715,qdf
CCCC#C,0.036255,0.601210,0.197346,0.165189,2,1.505984,0.351210,qdf
CCCCC(C)(O)CC,0.601167,0.042735,0.095437,0.260662,1,1.464815,0.351167,qdf
C1(=O)NC(=O)NC(=O)C1(O)C2(O)C(=O)NC(=O)NC2(=O),0.043106,0.599883,0.093758,0.263253,2,1.464853,0.349883,qdf
c1ccc2cc3c4cccc5cccc(c3cc2c1)c45,0.211577,0.599846,0.151956,0.036621,2,1.504161,0.349846,qdf
CCC1(C(C)C)C(=O)NC(=O)NC1=O,0.061752,0.057881,0.280614,0.599754,4,1.442829,0.349754,qdf
O=C1NC(=O)NC(=O)C1(CC)CCC(C)C,0.282203,0.061087,0.598239,0.058471,3,1.444363,0.348239,qdf
Nc1ccccc1,0.092899,0.597926,0.265882,0.043293,2,1.466357,0.347926,qdf
CCCC(=O)CC,0.143239,0.036996,0.221866,0.597898,4,1.503146,0.347898,qdf
c2ccc1nc(ccc1c2)c4ccc3ccccc3n4,0.597264,0.047236,0.079928,0.275573,1,1.455903,0.347264,qdf
CCCO,0.079270,0.597229,0.276011,0.047490,2,1.455410,0.347229,qdf
c2c(C)cc1nc(C)ccc1c2,0.596458,0.037905,0.129616,0.236021,1,1.497334,0.346458,qdf
CCCC(C)C,0.595635,0.277229,0.047233,0.079904,1,1.457661,0.345635,qdf
CN(C)C(=O)Oc1cc(C)nn1c2ccccc2,0.594797,0.037003,0.142124,0.226076,1,1.506821,0.344797,qdf
COc1ccccc1OCC(O)COC(N)=O,0.047457,0.079310,0.278543,0.594691,4,1.458196,0.344691,qdf
CCC(C)CCO,0.594062,0.038601,0.121793,0.245544,1,1.494973,0.344062,qdf
O=C2NC(=O)C1(CCCCCC1)C(=O)N2,0.593465,0.286824,0.062695,0.057016,1,1.449644,0.343465,qdf
O=C1N(COC(=O)CCCCC)C(=O)C(N1)(c2ccccc2)c3ccccc3,0.593169,0.222634,0.147512,0.036684,1,1.511679,0.343169,qdf
CCCC(C)O,0.592777,0.287418,0.063275,0.056530,1,1.450498,0.342777,qdf
COc1ncnc2nccnc12,0.592754,0.072156,0.050698,0.284393,1,1.454898,0.342754,qdf
CCCC(=O)CCC,0.290101,0.056369,0.590079,0.063451,3,1.453294,0.340079,qdf
CC1=CCC(CC1)C(C)=C,0.195312,0.588525,0.180498,0.035665,2,1.527648,0.338525,qdf
Nc1nc(=O)[nH]cc1F,0.181131,0.035649,0.588168,0.195051,3,1.528246,0.338168,qdf
CCCCCCCC(C)O,0.149560,0.588076,0.225873,0.036492,2,1.519509,0.338076,qdf
CC(C)C(O)C(C)C,0.587853,0.036820,0.232051,0.143276,1,1.516625,0.337853,qdf
CC34CC(O)C1(F)C(CCC2=CC(=O)C=CC12C)C3CC(O)C4(O)C(=O)CO,0.585436,0.118346,0.038880,0.257337,1,1.502661,0.335436,qdf
CC(C)=CCCC(C)=CC(=O),0.039663,0.585312,0.262894,0.112131,2,1.497640,0.335312,qdf
CCC(C)(C)CC,0.043042,0.093533,0.585285,0.278141,3,1.480840,0.335285,qdf
CC(=O)Nc1ccccc1,0.584350,0.250858,0.037993,0.126799,1,1.510441,0.334350,qdf
CCCCCCCCCCCCO,0.294550,0.069488,0.052143,0.583819,4,1.462221,0.333819,qdf
OCC1OC(O)(CO)C(O)C1O,0.582804,0.074542,0.293210,0.049444,1,1.466645,0.332804,qdf
Nc3cc2c1ccccc1ccc2c4ccccc34,0.284800,0.088169,0.582611,0.044419,3,1.478604,0.332611,qdf
c1ccccc1O,0.581943,0.295659,0.051094,0.071304,1,1.465181,0.331943,qdf
CC12CCC3C(CCC4=CC(=O)CCC34C)C2CCC1C(=O)CO,0.048776,0.581816,0.293432,0.075976,2,1.468715,0.331816,qdf
O=C1NC(=O)NC(=O)C1(C)CC,0.581789,0.293963,0.075049,0.049199,1,1.468021,0.331789,qdf
CC34CCC1C(=CCc2cc(O)ccc12)C3CCC4=O,0.581670,0.099572,0.041706,0.277051,1,1.490296,0.331670,qdf
c1cc(C)cc2c1c3cc4cccc5CCc(c45)c3cc2,0.049543,0.074321,0.581610,0.294527,3,1.467641,0.331610,qdf
CCCCCCCCCCCCCCCO,0.093958,0.282323,0.042911,0.580808,4,1.485889,0.330808,qdf
C=CCCC=C,0.214810,0.169031,0.035652,0.580507,4,1.537096,0.330507,qdf
Nc1ccc(O)cc1,0.579927,0.050295,0.296988,0.072791,1,1.468138,0.329927,qdf
CC(=O)Nc1ccc(F)cc1,0.067828,0.053149,0.299706,0.579317,4,1.465588,0.329317,qdf
CC=C,0.579286,0.168743,0.216337,0.035634,1,1.538689,0.329286,qdf
O=C1NC(=O)NC(=O)C1(C(C)C)CC=C,0.046765,0.293284,0.080877,0.579074,4,1.475479,0.329074,qdf
CCCC1CCCC1,0.077794,0.047970,0.577910,0.296326,3,1.473950,0.327910,qdf
CC12CC(=O)C3C(CCC4=CC(=O)CCC34C)C2CCC1(O)C(=O)CO,0.577488,0.088160,0.044392,0.289961,1,1.483706,0.327488,qdf
CC(=O)C1(O)CCC2C3CCC4=CC(=O)CCC4(C)C3CCC21C,0.036523,0.145691,0.240481,0.577304,4,1.531278,0.327304,qdf
CCCCCCCCC=C,0.299355,0.049758,0.073832,0.577054,4,1.471610,0.327054,qdf
CCCOC(=O)CCC,0.049837,0.576468,0.073668,0.300027,2,1.472034,0.326468,qdf
O=C(Nc1ccccc1)Nc2ccccc2,0.576150,0.121415,0.263989,0.038446,1,1.515637,0.326150,qdf
Cc1ccc(C)cc1,0.035232,0.193522,0.195352,0.575894,4,1.547305,0.325894,qdf
CC(C)CCC(C)(C)C,0.574616,0.204824,0.185320,0.035240,1,1.548625,0.324616,qdf
OCC2OC(Oc1ccccc1CO)C(O)C(O)C2O,0.240574,0.148892,0.036306,0.574228,4,1.536825,0.324228,qdf
CN(C)C(=O)Nc1ccccc1,0.306467,0.058548,0.574143,0.060842,3,1.467943,0.324143,qdf
NC(=O)c1cnccn1,0.245817,0.036608,0.143499,0.574076,4,1.533881,0.324076,qdf
CCCCCCCC,0.573619,0.142815,0.036644,0.246922,1,1.534002,0.323619,qdf
O=c2[nH]c(=O)c1[nH]c(=O)[nH]c1[nH]2,0.307603,0.062476,0.572835,0.057086,3,1.469385,0.322835,qdf
c3ccc2nc1ccccc1cc2c3,0.205490,0.572115,0.035159,0.187236,2,1.552394,0.322115,qdf
COc1cc(cc(OC)c1O)C6C2C(COC2=O)C(OC4OC3COC(C)OC3C(O)C4O)c7cc5OCOc5cc67,0.572090,0.271026,0.038786,0.118098,1,1.517213,0.322090,qdf
CCCC(=O)OCC,0.569972,0.310640,0.058328,0.061060,1,1.471639,0.319972,qdf
CCCCC,0.197766,0.035042,0.197766,0.569426,4,1.556840,0.319426,qdf
O=C1N(COC(=O)CC)C(=O)C(N1)(c2ccccc2)c3ccccc3,0.567745,0.276672,0.038926,0.116657,1,1.520441,0.317745,qdf
O=C2NC(=O)C1(CCCCC1)C(=O)N2,0.041282,0.567577,0.289842,0.101299,2,1.506074,0.317577,qdf
Oc1cccc(O)c1,0.567478,0.087200,0.300702,0.044620,1,1.492206,0.317478,qdf
COC(=O)C=C,0.041329,0.290324,0.101041,0.567306,4,1.506078,0.317306,qdf
Cc1cc(C)c(C)cc1C,0.299503,0.090126,0.043794,0.566578,4,1.495897,0.316578,qdf
Cc2c(N)c(=O)n(c1ccccc1)n2C,0.565822,0.068947,0.312840,0.052391,1,1.478267,0.315822,qdf
CC(C)(C)Cc1ccccc1,0.148882,0.249171,0.036195,0.565751,4,1.546846,0.315751,qdf
COC(=O)c1ccccc1C(=O)OC,0.050035,0.565049,0.311737,0.073180,2,1.481825,0.315049,qdf
Cc1ccc2cc3ccccc3cc2c1,0.069767,0.313383,0.564954,0.051896,3,1.479511,0.314954,qdf
c1ccc2c(c1)c3cccc4cccc2c34,0.087838,0.044421,0.303100,0.564640,4,1.495371,0.314640,qdf
CCCC(=O)OC,0.035595,0.238078,0.564583,0.161744,3,1.554962,0.314583,qdf
CCC(CC)CO,0.562814,0.269582,0.037476,0.130129,1,1.536953,0.312814,qdf
COc1ccccc1,0.145434,0.255618,0.562593,0.036355,3,1.548272,0.312593,qdf
CC1CC2C3CC(F)C4=CC(=O)C=CC4(C)C3(F)C(O)CC2(C)C1(O)C(=O)CO,0.034883,0.562326,0.210826,0.191965,2,1.566476,0.312326,qdf
CCCCOC=O,0.052897,0.562197,0.068117,0.316789,2,1.480797,0.312197,qdf
CC(=O)OC3(C)CCC4C2CCC1=CC(=O)CCC1(C)C2CCC34C,0.138404,0.263549,0.036802,0.561245,4,1.544914,0.311245,qdf
CC23Cc1cnoc1C=C2CCC4C3CCC5(C)C4CCC5(O)C#C,0.561057,0.129601,0.037507,0.271834,1,1.538335,0.311057,qdf
CN(C)C(=O)C,0.095227,0.042508,0.301422,0.560843,4,1.506161,0.310843,qdf
CC,0.035311,0.236304,0.168096,0.560289,4,1.562864,0.310289,qdf
CCC(C)C(C)C,0.559774,0.169371,0.035264,0.235591,1,1.563993,0.309774,qdf
COc1ccccc1O,0.559495,0.104810,0.295090,0.040605,1,1.517084,0.309495,qdf
OC(Cn1cncn1)(c2ccc(F)cc2)c3ccccc3F,0.286749,0.559129,0.039070,0.115051,2,1.527411,0.309129,qdf
CCCCCCCCO,0.558977,0.048985,0.075312,0.316726,1,1.488558,0.308977,qdf
CCC(C)(C)CO,0.039593,0.111200,0.290910,0.558298,4,1.524496,0.308298,qdf
Oc1ccccc1N(=O)=O,0.307158,0.557888,0.091578,0.043376,2,1.504990,0.307888,qdf
CC(C)=CC3C(C(=O)OCc2cccc(Oc1ccccc1)c2)C3(C)C,0.264724,0.036579,0.141096,0.557601,4,1.550699,0.307601,qdf
CNC(=O)Oc1cc(C)cc(C)c1,0.322855,0.056182,0.557458,0.063505,3,1.482487,0.307458,qdf
CCCC=O,0.557186,0.040694,0.297894,0.104226,1,1.518570,0.307186,qdf
CN(C(=O)NC(C)(C)c1ccccc1)c2ccccc2,0.043883,0.089639,0.556460,0.310018,3,1.504209,0.306460,qdf
CCCCCC=C,0.556270,0.318822,0.048468,0.076440,1,1.491684,0.306270,qdf
CCCCCC(C)(C)O,0.062530,0.056983,0.556061,0.324427,3,1.483293,0.306061,qdf
CC(C)C,0.041135,0.101759,0.555390,0.301717,3,1.517636,0.305390,qdf
CCCCC(=O)OCC,0.324781,0.554847,0.054113,0.066259,2,1.485629,0.304847,qdf
CCC(=O)C,0.326261,0.554130,0.056480,0.063129,2,1.484936,0.304130,qdf
CN(C=Nc1ccc(C)cc1C)C=Nc2ccc(C)cc2C,0.326610,0.554094,0.058873,0.060423,2,1.484448,0.304094,qdf
O=C1NC(=O)NC(=O)C1(CC)CC=C,0.552985,0.052860,0.068134,0.326020,1,1.488063,0.302985,qdf
Cn1cnc2n(C)c(=O)n(C)c(=O)c12,0.552606,0.147749,0.036114,0.263531,1,1.560514,0.302606,qdf
Oc1ccc(O)cc1,0.286293,0.037840,0.550571,0.125297,3,1.544853,0.300571,qdf
c1ccc2c(c1)c3ccccc3c4ccccc24,0.036760,0.137677,0.550518,0.275045,3,1.555311,0.300518,qdf
C/C=C/C=O,0.137611,0.550410,0.036764,0.275214,2,1.555365,0.300410,qdf
C1C=CCC=C1,0.037997,0.291323,0.547117,0.123562,3,1.546407,0.297117,qdf
CNC(=O)Oc1ccccc1C2OCCO2,0.188495,0.230054,0.546835,0.034616,3,1.585654,0.296835,qdf
CC(C)N(=O)=O,0.546407,0.053323,0.067398,0.332873,1,1.492458,0.296407,qdf
CCCCCCCCCCCCCCCCO,0.093705,0.317177,0.546311,0.042807,3,1.516617,0.296311,qdf
CCCCCCCCCCCC(=O)OC,0.321117,0.545223,0.089880,0.043780,2,1.513384,0.295223,qdf
CC(=C)C,0.545169,0.038381,0.296451,0.119999,1,1.544750,0.295169,qdf
CCc1ccccc1C,0.544889,0.103553,0.040758,0.310799,1,1.528245,0.294890,qdf
CCCCCCCO,0.544630,0.335174,0.054459,0.065737,1,1.492842,0.294630,qdf
c1ccc2c(c1)ccc3c2ccc4c5ccccc5ccc43,0.544149,0.050804,0.071605,0.333443,1,1.496830,0.294149,qdf
Cc1ccccc1N,0.071001,0.543880,0.333984,0.051135,2,1.496573,0.293880,qdf
CCOC(=O)c1ccccc1,0.543422,0.182676,0.239231,0.034672,1,1.587991,0.293422,qdf
C#C,0.054801,0.337262,0.542677,0.065259,3,1.493966,0.292677,qdf
CCCCCCC,0.542398,0.334233,0.073609,0.049760,1,1.499621,0.292398,qdf
C1Cc2c3c1cccc3cc4c2ccc5ccccc54,0.169077,0.542196,0.253692,0.035035,2,1.583791,0.292196,qdf
CCCOC(=O)C,0.282638,0.036427,0.539785,0.141150,3,1.568190,0.289785,qdf
CC12CCC(O)CC1CCC3C2CCC4(C)C3CCC4=O,0.239493,0.539346,0.034529,0.186632,2,1.593874,0.289346,qdf
Cc1c(cccc1N(=O)=O)N(=O)=O,0.538953,0.043451,0.091046,0.326550,1,1.519242,0.288953,qdf
CCCCCCO,0.537829,0.331424,0.044947,0.085800,1,1.514425,0.287829,qdf
Cc1cc(=O)n(c2ccccc2)n1C,0.340453,0.537778,0.051595,0.070173,2,1.500114,0.287778,qdf
CCC1(C(=O)NC(=O)NC1=O)C2=CCCCC2,0.537671,0.299845,0.037830,0.124654,1,1.555551,0.287671,qdf
CC34CCC1C(CCC2CC(=O)CCC12C)C3CCC4O,0.034420,0.190814,0.537187,0.237578,3,1.597518,0.287187,qdf
CCOC(=O)c1cncn1C(C)c2ccccc2,0.208712,0.220538,0.536527,0.034223,3,1.601325,0.286527,qdf
Nc2cccc3nc1ccccc1cc23,0.055776,0.063959,0.344902,0.535363,4,1.498231,0.285363,qdf
CC1(C)C(C(=O)OC(C#N)c2cccc(Oc3ccccc3)c2)C1(C)C,0.342713,0.535332,0.070622,0.051333,2,1.502014,0.285332,qdf
Oc1ccncc1,0.341572,0.534742,0.074257,0.049428,2,1.505274,0.284742,qdf
O=N(=O)c1ccc(cc1)N(=O)=O,0.139568,0.289228,0.036506,0.534698,4,1.571428,0.284698,qdf
Oc1ccc(C=O)cc1,0.055782,0.534528,0.345741,0.063949,2,1.498752,0.284528,qdf
CCOc1ccc(NC(=O)C)cc1,0.310153,0.534323,0.038715,0.116809,2,1.550435,0.284323,qdf
O=C1NC(=O)NC(=O)C1(CC)CC=C(C)C,0.042563,0.094584,0.328551,0.534302,4,1.526389,0.284302,qdf
CCCCCCCCCO,0.221632,0.210255,0.533947,0.034165,3,1.604581,0.283947,qdf
Fc1cccc(F)c1,0.533467,0.215897,0.216491,0.034144,1,1.605366,0.283467,qdf
CC(C)CO,0.299284,0.532776,0.130725,0.037215,2,1.565277,0.282776,qdf
CC12CC(O)C3C(CCC4=CC(=O)C=CC34C)C2CCC1(O)C(=O)CO,0.058721,0.060538,0.347988,0.532754,4,1.499038,0.282754,qdf
CCCCCCCC(=O)OCC,0.223350,0.034142,0.209834,0.532674,4,1.606089,0.282674,qdf
CCN2c1cc(OC)cc(C)c1NC(=O)c3cccnc23,0.042036,0.096887,0.329088,0.531989,4,1.530543,0.281989,qdf
CCCCCOC(=O)C,0.531764,0.348666,0.063154,0.056416,1,1.500180,0.281764,qdf
N#Cc1ccccc1C#N,0.034403,0.246423,0.187513,0.531661,4,1.602612,0.281661,qdf
CCCCCCCCOC(=O)c1ccccc1C(=O)OCCCCCCCC,0.213288,0.034100,0.221442,0.531170,4,1.608117,0.281170,qdf
Cc1cccc2c(C)cccc12,0.530364,0.283427,0.035770,0.150439,1,1.583784,0.280364,qdf
Cc1cc(C)c2ccccc2c1,0.530075,0.163866,0.270951,0.035108,1,1.593086,0.280075,qdf
CCc1ccccc1,0.236906,0.034163,0.199895,0.529036,4,1.608867,0.279036,qdf
CC(=O)CCC1C(=O)N(N(C1=O)c2ccccc2)c3ccccc3,0.044490,0.087239,0.339366,0.528905,4,1.521883,0.278905,qdf
Oc2ccc1ncccc1c2,0.528839,0.326433,0.040601,0.104127,1,1.540790,0.278839,qdf
CC12CCC(CC1)C(C)(C)O2,0.527582,0.289800,0.035979,0.146638,1,1.583267,0.277582,qdf
CCCCC(=O)C,0.035392,0.280372,0.157073,0.527163,4,1.591363,0.277163,qdf
CCCCCC(=O)OC,0.050381,0.072343,0.526132,0.351143,3,1.508943,0.276132,qdf
CC1OC(CC(O)C1O)OC2C(O)CC(OC2C)OC8C(O)CC(OC7CCC3(C)C(CCC4C3CCC5(C)C(CCC45O)C6=CC(=O)OC6)C7)OC8C,0.525549,0.167688,0.034914,0.271849,1,1.599576,0.275549,qdf
C1N(C(=O)NCC(C)C)C(=O)NC1,0.525323,0.355193,0.056788,0.062696,1,1.503803,0.275323,qdf
OCC1OC(CO)(OC2OC(COC3OC(CO)C(O)C(O)C3O)C(O)C(O)C2O)C(O)C1O,0.524398,0.326618,0.039740,0.109244,1,1.549506,0.274398,qdf
CCCCOC(=O)c1ccccc1C(=O)OCCCC,0.105744,0.330041,0.040306,0.523909,4,1.545918,0.273909,qdf
Cc1cccc(C)n1,0.053492,0.356307,0.523109,0.067091,3,1.506966,0.273109,qdf
COc1cc(CC=C)ccc1O,0.350147,0.522638,0.046755,0.080459,2,1.518477,0.272638,qdf
OCCOc1ccccc1,0.522464,0.357937,0.056231,0.063369,1,1.505592,0.272464,qdf
c1cc2ccc(OC)c(CC=C(C)(C))c2oc1=O,0.036711,0.305452,0.135965,0.521872,4,1.578688,0.271872,qdf
CCc1ccccc1CC,0.033895,0.217024,0.520996,0.228085,3,1.620277,0.270996,qdf
CCCCCCC(C)O,0.037846,0.123766,0.520332,0.318055,3,1.567889,0.270332,qdf
CCN2c1ncccc1N(C)C(=O)c3cccnc23,0.064777,0.055130,0.359923,0.520169,4,1.507370,0.270169,qdf
CNN,0.518841,0.201273,0.033995,0.245891,1,1.620160,0.268841,qdf
NC(=O)NC1NC(=O)NC1=O,0.052895,0.067997,0.360290,0.518818,4,1.509821,0.268818,qdf
CNc1ccccc1,0.518619,0.196607,0.250711,0.034063,1,1.619100,0.268619,qdf
CCCC=C(CC)C=O,0.039666,0.109607,0.332379,0.518347,4,1.553866,0.268347,qdf
c1ccccc1,0.041599,0.098786,0.518075,0.341539,3,1.541605,0.268075,qdf
c1(C(C)(C)C)cc(C(C)(C)C)cc(OC(=O)NC)c1,0.041120,0.101179,0.339969,0.517733,4,1.544586,0.267733,qdf
CCCCC(=O)OC3(C(C)CC4C2CCC1=CC(=O)C=CC1(C)C2(F)C(O)CC34C)C(=O)CO,0.282369,0.034928,0.517111,0.165591,3,1.605775,0.267111,qdf
CCCCCCCC=C,0.262694,0.034248,0.516620,0.186438,3,1.617361,0.266620,qdf
CC(=O)OCC(=O)C3CCC4C2CCC1=CC(=O)CCC1(C)C2CCC34C,0.363687,0.063895,0.055806,0.516612,4,1.508846,0.266612,qdf
CN(C)C(=O)Nc1cccc(OC(=O)NC(C)(C)C)c1,0.101363,0.516607,0.041081,0.340949,2,1.545469,0.266607,qdf
Cc1ccnc(C)c1,0.515959,0.320884,0.125512,0.037645,1,1.572692,0.265959,qdf
OCC1OC(C(O)C1O)n2cnc3c(O)ncnc23,0.319047,0.515742,0.037414,0.127797,2,1.575180,0.265742,qdf
COC(C)(C)C,0.335723,0.109336,0.515241,0.039700,3,1.555487,0.265241,qdf
CC(C)CC(C)O,0.514918,0.326002,0.120937,0.038143,1,1.568561,0.264918,qdf
O=C1NC(=O)NC(=O)C1(CC)C(C)C,0.033774,0.221069,0.514872,0.230285,3,1.627410,0.264872,qdf
c2ccc1[nH]nnc1c2,0.365332,0.065913,0.054297,0.514458,4,1.510831,0.264458,qdf
CC13CCC(=O)C=C1CCC4C2CCC(C(=O)CO)C2(CC(O)C34)C=O,0.114296,0.513977,0.038975,0.332752,2,1.561874,0.263977,qdf
CC34CCC1C(CCc2cc(O)ccc12)C3CC(O)C4O,0.044381,0.513907,0.354189,0.087523,2,1.530950,0.263907,qdf
CCOCC,0.513598,0.366794,0.056161,0.063447,1,1.510171,0.263598,qdf
CN(C)C(=O)N(C)C,0.366060,0.052108,0.512578,0.069254,3,1.513805,0.262578,qdf
Cc1cc2c3ccccc3ccc2c4ccccc14,0.363048,0.076208,0.512250,0.048494,3,1.519809,0.262250,qdf
CC(C)OC(C)C,0.055814,0.511006,0.369300,0.063880,2,1.511563,0.261006,qdf
CCC(C(CC)c1ccc(O)cc1)c2ccc(O)cc2,0.034823,0.167006,0.287456,0.510714,4,1.611998,0.260714,qdf
CC(C)CC(C)(C)O,0.048385,0.076449,0.510483,0.364683,3,1.520904,0.260483,qdf
O=c2[nH]c1CCCc1c(=O)n2C3CCCCC3,0.369270,0.509843,0.067999,0.052887,2,1.514253,0.259843,qdf
OCC2OC(OC1(CO)OC(CO)C(O)C1O)C(O)C(O)C2O,0.509497,0.055285,0.370655,0.064563,1,1.512540,0.259497,qdf
Cc1c(C)c(C)c(C)c(C)c1C,0.100686,0.041198,0.509344,0.348772,3,1.548791,0.259344,qdf
CC(=O)C1CCC2C3CCC4=CC(=O)CCC4(C)C3CCC12C,0.033972,0.509315,0.195612,0.261102,2,1.627812,0.259315,qdf
Cc1c2ccccc2c(C)c3ccc4ccccc4c13,0.316444,0.137812,0.036506,0.509237,4,1.589458,0.259237,qdf
CCCCCC(=O)C,0.170107,0.034681,0.287223,0.507989,4,1.616201,0.257989,qdf
CC1(C)C2CCC1(C)C(O)C2,0.120293,0.038193,0.335053,0.506461,4,1.573088,0.256461,qdf
O=C1CCCN1,0.506236,0.059012,0.060209,0.374542,1,1.512853,0.256236,qdf
C1c2ccccc2c3cc4ccccc4cc13,0.052547,0.506162,0.068534,0.372757,2,1.516270,0.256162,qdf
CCCCC=C,0.058004,0.374569,0.506141,0.061286,3,1.513021,0.256141,qdf
O=Cc1ccccc1,0.041518,0.099069,0.505676,0.353737,3,1.548790,0.255676,qdf
CCOC(=O)NCCOc2ccc(Oc1ccccc1)cc2,0.044097,0.505498,0.361941,0.088464,2,1.536282,0.255498,qdf
c1cnc2c(c1)ccc3ncccc23,0.154872,0.035364,0.304769,0.504995,4,1.607441,0.254995,qdf
O=C1N(COC(=O)CCC)C(=O)C(N1)(c2ccccc2)c3ccccc3,0.034377,0.282707,0.178069,0.504846,4,1.623545,0.254846,qdf
Oc2ccc1CCCCc1c2,0.504705,0.371928,0.049671,0.073696,1,1.521004,0.254705,qdf
Cc1cccc(C)c1C,0.160883,0.504105,0.299959,0.035053,2,1.612766,0.254105,qdf
Nc1cc[nH]c(=O)n1,0.145642,0.035917,0.504050,0.314391,3,1.600202,0.254050,qdf
Oc1ccccn1,0.373589,0.503988,0.071739,0.050684,2,1.519632,0.253988,qdf
CCOC(=O)N,0.503703,0.376444,0.055257,0.064596,1,1.515093,0.253703,qdf
Cc1cccc(O)c1,0.047086,0.503383,0.369982,0.079549,2,1.527310,0.253383,qdf
CC3C2CCC1(C)C=CC(=O)C(=C1C2OC3=O)C,0.328077,0.131567,0.503343,0.037013,3,1.587027,0.253343,qdf
CCCC(C)(C)O,0.105395,0.503235,0.351051,0.040319,2,1.557624,0.253235,qdf
Cc1ccncc1C,0.033799,0.502959,0.261802,0.201440,2,1.635674,0.252959,qdf
CC2(C)C1CCC(C)(C1)C2=O,0.040748,0.354012,0.102982,0.502258,4,1.555221,0.252258,qdf
Cc3ccnc4N(C1CC1)c2ncccc2C(=O)Nc34,0.269667,0.501526,0.194900,0.033907,2,1.634543,0.251526,qdf
CC(=O)OC3(CCC4C2CCC1=CC(=O)CCC1C2CCC34C)C#C,0.036202,0.141396,0.501335,0.321067,3,1.598026,0.251335,qdf
COc2cc1c(N)nc(nc1c(OC)c2OC)N3CCN(CC3)C(=O)OCC(C)(C)O,0.499741,0.199036,0.267416,0.033808,1,1.637701,0.249741,qdf
CNC(=O)Oc1ccc(N(C)C)c(C)c1,0.068800,0.379288,0.499534,0.052378,3,1.519223,0.249534,qdf
Nc1cccc2ccccc12,0.499254,0.377613,0.049900,0.073233,1,1.522880,0.249254,qdf
Cc1ccc(C)c2ccccc12,0.314854,0.150567,0.035582,0.498996,4,1.607906,0.248996,qdf
OCCCC=C,0.203909,0.498924,0.033716,0.263451,2,1.640111,0.248924,qdf
COc2cnc1cncnc1n2,0.037605,0.338737,0.498289,0.125369,3,1.583334,0.248289,qdf
COc1ccc(cc1)N(=O)=O,0.355565,0.497761,0.106564,0.040110,2,1.561751,0.247761,qdf
CCC1(C(=O)NC(=O)NC1=O)c2ccccc2,0.379524,0.497354,0.049909,0.073214,2,1.523614,0.247354,qdf
CCC(C)C(=O)C,0.211433,0.257956,0.033590,0.497020,4,1.643987,0.247020,qdf
O=C1N(COC(=O)CCCCCCC)C(=O)C(N1)(c2ccccc2)c3ccccc3,0.219569,0.250106,0.496817,0.033508,3,1.645874,0.246817,qdf
COC(=O)Nc2nc1ccc(cc1[nH]2)C(=O)c3ccccc3,0.211317,0.033589,0.496795,0.258298,3,1.644163,0.246795,qdf
CCOC(=O)C=Cc1ccccc1,0.262036,0.495897,0.208450,0.033616,2,1.644191,0.245897,qdf
CCCCCCCCC(=O)OC,0.333816,0.036641,0.494060,0.135482,3,1.596467,0.244060,qdf
CCCCC(CC)COC(=O)c1ccccc1C(=O)OCC(CC)CCCC,0.086729,0.374660,0.494013,0.044598,3,1.539274,0.244013,qdf
c1ccc2c(c1)[nH]c3ccccc32,0.125099,0.343762,0.037621,0.493518,4,1.585569,0.243518,qdf
CCOC(=O)c1ccccc1C(=O)OCC,0.493299,0.380488,0.047354,0.078859,1,1.530691,0.243299,qdf
Nc2nc1[nH]cnc1c(=O)[nH]2,0.493174,0.059227,0.059983,0.387615,1,1.517936,0.243174,qdf
Cc1ccc2c(ccc3ccccc32)c1,0.294570,0.178799,0.034265,0.492366,4,1.633551,0.242366,qdf
Cc1cccc2c1ccc3ccccc32,0.133154,0.491813,0.036836,0.338198,2,1.595250,0.241813,qdf
CCOC(=O)CC,0.069032,0.386929,0.491805,0.052233,3,1.522252,0.241805,qdf
CNC(=O)Oc1ccccc1C(C)C,0.082284,0.046056,0.380654,0.491006,4,1.535285,0.241006,qdf
CC1CC2C3CCC(O)(C(=O)C)C3(C)CC(O)C2(F)C4(C)C=CC(=O)C=C14,0.235481,0.490758,0.033353,0.240408,2,1.653272,0.240758,qdf
CC(C)=CCCC(O)(C)C=C,0.490446,0.055580,0.389804,0.064169,1,1.519877,0.240446,qdf
Oc2ncc1nccnc1n2,0.091200,0.490257,0.043331,0.375212,2,1.546112,0.240257,qdf
Cn1c(=O)n(C)c2nc[nH]c2c1=O,0.119773,0.038216,0.351764,0.490247,4,1.581086,0.240247,qdf
CCCCCCCCCCCCCCCCCCO,0.388844,0.069285,0.489792,0.052079,3,1.523120,0.239792,qdf
CCN2c1ncccc1N(CC)C(=O)c3cccnc23,0.038898,0.356943,0.489696,0.114463,3,1.575043,0.239696,qdf
Cc1ccc(O)cc1C,0.037596,0.489410,0.347746,0.125249,2,1.587792,0.239410,qdf
CC(C)(C)c1ccccc1,0.033356,0.249381,0.227974,0.489290,4,1.654151,0.239289,qdf
CC2=CC(=O)c1ccccc1C2=O,0.488801,0.136361,0.338285,0.036553,1,1.600216,0.238801,qdf
C1c2ccccc2c3ccccc13,0.196164,0.488151,0.033763,0.281922,2,1.646015,0.238151,qdf
CC(O)C(C)(C)C,0.487517,0.234328,0.244848,0.033307,1,1.656366,0.237517,qdf
c1ccc2c(c1)c3cccc4ccc5cccc2c5c43,0.040338,0.487235,0.105142,0.367285,2,1.564653,0.237235,qdf
CCC=C,0.486804,0.335146,0.036113,0.141938,1,1.606981,0.236804,qdf
Oc1ccc2ccccc2c1,0.287001,0.033801,0.193615,0.485582,4,1.646734,0.235582,qdf
CCCOC(C)C,0.206012,0.485243,0.033549,0.275196,2,1.652335,0.235243,qdf
C1CC=CC1,0.394243,0.052740,0.068215,0.484802,4,1.523926,0.234802,qdf
CCN(CC)C(=O)C(C)Oc1cccc2ccccc12,0.350003,0.128229,0.484489,0.037279,3,1.593494,0.234489,qdf
CCC(C)(C)C,0.135197,0.484252,0.343913,0.036639,2,1.601276,0.234251,qdf
Cc1cccc(C)c1O,0.225321,0.258674,0.482714,0.033291,3,1.659681,0.232714,qdf
CCOC(C)OCC,0.482525,0.350394,0.129976,0.037105,1,1.596359,0.232525,qdf
O=C1N(COC(=O)C)C(=O)C(N1)(c2ccccc2)c3ccccc3,0.481736,0.394948,0.049703,0.073612,1,1.529243,0.231736,qdf
CC(C)C(C)(C)C,0.481637,0.071246,0.050945,0.396172,1,1.527170,0.231637,qdf
CCCCCC(C)O,0.143060,0.481409,0.339516,0.036015,2,1.610873,0.231409,qdf
C=CC=O,0.293760,0.480316,0.033801,0.192122,2,1.649718,0.230316,qdf
c1cncnc1,0.479825,0.275943,0.033425,0.210807,1,1.658271,0.229825,qdf
O=C1CCCCC1,0.309455,0.176630,0.479648,0.034267,3,1.640629,0.229648,qdf
C1CCC=CCC1,0.236130,0.479419,0.251258,0.033192,2,1.663967,0.229419,qdf
CCCCC(C)O,0.400106,0.479330,0.067092,0.053471,2,1.524710,0.229330,qdf
CCCCCCCCC(=O)OCC,0.270958,0.477514,0.033305,0.218222,2,1.662370,0.227514,qdf
Cn2c(=O)n(C)c1ncn(CC(O)CO)c1c2=O,0.477146,0.049026,0.398820,0.075008,1,1.531831,0.227146,qdf
Cc1ccccc1,0.042040,0.096480,0.475257,0.386223,3,1.557842,0.225257,qdf
Nc3ccc2cc1ccccc1cc2c3,0.042468,0.094618,0.388062,0.474852,4,1.555571,0.224852,qdf
c1ccccc1NC(=O)c2c(O)cccc2,0.271073,0.220872,0.033249,0.474806,4,1.665209,0.224806,qdf
Oc1ccc(cc1)N(=O)=O,0.047526,0.474508,0.399549,0.078417,2,1.536042,0.224508,qdf
CCCN(CCC)c1c(cc(cc1N(=O)=O)C(C)C)N(=O)=O,0.405150,0.053833,0.066559,0.474459,4,1.525569,0.224459,qdf
CCCCOC,0.473989,0.389593,0.042678,0.093741,1,1.554693,0.223989,qdf
C1=Cc2cccc3cccc1c23,0.299488,0.193829,0.472971,0.033712,3,1.655524,0.222971,qdf
CCCCOC(=O)c1ccc(N)cc1,0.033458,0.472409,0.205349,0.288784,2,1.661559,0.222409,qdf
Cc1ccc(N)cc1,0.086207,0.396681,0.044745,0.472367,4,1.545648,0.222367,qdf
CC(O)c1ccccc1,0.406998,0.471580,0.051984,0.069438,2,1.528189,0.221580,qdf
CC34CCC1C(CCC2=CC(=O)CCC12C)C3CCC4=O,0.146767,0.471055,0.346448,0.035730,2,1.619455,0.221055,qdf
c1cc2cccc3c4cccc5cccc(c(c1)c23)c54,0.470538,0.036717,0.133946,0.358799,1,1.605865,0.220538,qdf
CN(C)C(=O)Nc1cccc(c1)C(F)(F)F,0.042905,0.092812,0.393769,0.470514,4,1.554434,0.220514,qdf
NNc1ccccc1,0.401423,0.470498,0.081892,0.046187,2,1.540919,0.220498,qdf
CCCC1C(=O)N3N(C1=O)c2cc(C)ccc2N=C3N(C)C,0.470268,0.194602,0.033677,0.301453,1,1.657657,0.220268,qdf
CCCC,0.389898,0.469915,0.041574,0.098613,2,1.562111,0.219915,qdf
CCCCN(CC)c1c(cc(cc1N(=O)=O)C(F)(F)F)N(=O)=O,0.469763,0.164094,0.034745,0.331397,1,1.636348,0.219763,qdf
OC(C1=CC2C5C(C1C2=C(c3ccccc3)c4ccccn4)C(=O)NC5=O)(c6ccccc6)c7ccccn7,0.143635,0.469279,0.035943,0.351142,2,1.616961,0.219279,qdf
CCCCCCC#C,0.407030,0.468570,0.075695,0.048705,2,1.534498,0.218570,qdf
CC1(C)C2CCC1(C)C(=O)C2,0.349033,0.468389,0.035718,0.146860,2,1.620686,0.218389,qdf
OC(Cn1cncn1)(Cn2cncn2)c3ccc(F)cc3F,0.157025,0.339573,0.468302,0.035101,3,1.630698,0.218302,qdf
CCN2c1nc(C)cc(C)c1NC(=O)c3cccnc23,0.053842,0.066544,0.411444,0.468169,4,1.526861,0.218169,qdf
Cc1cc(C)c(C)c(C)c1C,0.040810,0.388817,0.102439,0.467934,4,1.567643,0.217934,qdf
Nc1ncnc2n(ccc12)C3OC(CO)C(O)C3O,0.334801,0.163237,0.467185,0.034778,3,1.636844,0.217185,qdf
COCOC,0.035416,0.346845,0.466252,0.151488,3,1.626256,0.216252,qdf
o1c2ccccc2c3ccccc13,0.081065,0.406495,0.465952,0.046489,3,1.540919,0.215952,qdf
c2ccc1[nH]ccc1c2,0.412570,0.465873,0.069774,0.051783,2,1.529558,0.215873,qdf
Cc1occc1C(=O)Nc2ccccc2,0.258901,0.465638,0.033004,0.242457,2,1.676252,0.215638,qdf
CCCCCCCCCCCCCCCCCCCCCCCCCC,0.385110,0.110585,0.464879,0.039427,3,1.579106,0.214879,qdf
Cc1cc2ccccc2cc1C,0.463928,0.237565,0.033006,0.265502,1,1.677048,0.213928,qdf
CCCCCCCCCC(C)O,0.046544,0.463863,0.080917,0.408677,2,1.541142,0.213863,qdf
Cc1ccc(cc1)N(=O)=O,0.389498,0.463699,0.040036,0.106768,2,1.574418,0.213699,qdf
CN(C)C(=O)NC1CC2CC1C3CCCC23,0.033803,0.188583,0.314090,0.463524,4,1.657999,0.213524,qdf
CCC(=O)CC,0.405843,0.463297,0.044782,0.086077,2,1.547486,0.213297,qdf
CCN2c1nc(C)cc(C(F)(F)F)c1NC(=O)c3cccnc23,0.056864,0.062580,0.463107,0.417449,3,1.525855,0.213107,qdf
CCCCOC(=O)CCCCCCCCC(=O)OCCCC,0.418153,0.056933,0.462416,0.062498,3,1.525932,0.212416,qdf
FC(F)(F)c1ccccc1,0.040597,0.461673,0.103562,0.394168,2,1.570661,0.211673,qdf
CCCCC(C)CC,0.460372,0.289852,0.216590,0.033185,1,1.674124,0.210372,qdf
c1ccc2cnccc2c1,0.221179,0.285724,0.033120,0.459977,4,1.675999,0.209977,qdf
Cc1cc(C)c(O)c(C)c1,0.041717,0.097910,0.400949,0.459423,4,1.563609,0.209423,qdf
CCCCC(=O)CCCC,0.229254,0.458698,0.279029,0.033020,2,1.679223,0.208698,qdf
CC(C)C=C,0.063242,0.458544,0.421899,0.056315,2,1.526695,0.208544,qdf
CCCC/C=C/C,0.458384,0.414914,0.079690,0.047012,1,1.540614,0.208384,qdf
COc2ncc1nccnc1n2,0.258126,0.458173,0.032898,0.250803,2,1.682756,0.208173,qdf
CCCCC(CC)C=O,0.457549,0.418422,0.049024,0.075006,1,1.535617,0.207549,qdf
CC(C)CC(C)C,0.457361,0.394382,0.039745,0.108512,1,1.578186,0.207361,qdf
Cc1ccccc1N(=O)=O,0.457003,0.374108,0.036870,0.132020,1,1.608154,0.207003,qdf
NC(=O)c1ccccc1,0.128662,0.456645,0.037191,0.377503,2,1.604199,0.206645,qdf
CCCCCCCCCCO,0.038876,0.390216,0.456580,0.114328,3,1.586036,0.206580,qdf
C1CCCCC1,0.037057,0.130043,0.376537,0.456363,4,1.605960,0.206363,qdf
OCC1OC(O)C(O)C(O)C1O,0.049533,0.456251,0.073947,0.420269,2,1.534711,0.206251,qdf
CCCC(C)(C)C,0.130025,0.037057,0.456228,0.376691,3,1.605970,0.206228,qdf
CCOC(=O)Nc2cccc(OC(=O)Nc1ccccc1)c2,0.365029,0.035946,0.143246,0.455779,4,1.621440,0.205779,qdf
c1(OC)ccc(CC=C)cc1,0.455538,0.264455,0.032877,0.247129,1,1.684561,0.205538,qdf
O=N(=O)c1cc(cc(c1)N(=O)=O)N(=O)=O,0.455259,0.224269,0.287425,0.033046,1,1.680080,0.205259,qdf
O=C2NC(=O)C1(CCCCCCC1)C(=O)N2,0.033001,0.284137,0.228037,0.454825,4,1.681501,0.204825,qdf
Nc1ccc(cc1)c2ccc(N)cc2,0.400771,0.040534,0.103891,0.454804,4,1.572500,0.204804,qdf
Cc1ccc2cc(C)ccc2c1,0.422038,0.049089,0.454006,0.074867,3,1.535889,0.204006,qdf
CN(C)c2c(C)n(C)n(c1ccccc1)c2=O,0.034766,0.348914,0.453613,0.162707,3,1.642069,0.203613,qdf
Nc1cccc(c1)N(=O)=O,0.033129,0.453339,0.296317,0.217214,2,1.678722,0.203339,qdf
O=c1[nH]cnc2nc[nH]c12,0.453334,0.367037,0.035907,0.143722,1,1.622718,0.203334,qdf
O=c2c(C3CCCc4ccccc43)c(O)c1ccccc1o2,0.111857,0.039227,0.396042,0.452874,4,1.583542,0.202874,qdf
c1ccc2c(c1)ccc3c4ccccc4ccc23,0.452688,0.323554,0.033714,0.190045,1,1.664476,0.202688,qdf
Oc1cccc2ncccc12,0.144301,0.367272,0.452563,0.035865,3,1.623589,0.202563,qdf
Nc1ncnc2nc[nH]c12,0.415499,0.452344,0.044217,0.087939,2,1.551561,0.202344,qdf
O=C2NC(=O)C1(CC1)C(=O)N2,0.451959,0.170312,0.034411,0.343317,1,1.649561,0.201959,qdf
Nc1ccccc1O,0.451165,0.077687,0.423321,0.047827,1,1.539193,0.201165,qdf
C1OC(O)C(O)C(O)C1O,0.233453,0.032916,0.282941,0.450691,4,1.685639,0.200691,qdf
Fc1ccccc1,0.034231,0.450657,0.340506,0.174605,2,1.653723,0.200657,qdf
O=C1NC(=O)C(=O)C(=O)N1,0.450512,0.042535,0.412661,0.094293,1,1.560192,0.200512,qdf
C=CCC=C,0.429677,0.064891,0.055027,0.450404,4,1.528188,0.200404,qdf
C1CCCCCC1,0.449488,0.431111,0.057113,0.062288,1,1.527197,0.199488,qdf
c1nccc(C(=O)NN)c1,0.032946,0.288480,0.449273,0.229302,3,1.685399,0.199273,qdf
CC(C)CC(C)(C)C,0.225302,0.448612,0.293099,0.032987,2,1.684522,0.198612,qdf
c1cccc2c3c(C)cc4ccccc4c3ccc12,0.042580,0.414803,0.448517,0.094100,3,1.560169,0.198517,qdf
Cc2ncc1nccnc1n2,0.326806,0.448083,0.033656,0.191455,2,1.667536,0.198083,qdf
CC4CC3C2CCC1=CC(=O)C=CC1(C)C2(F)C(O)CC3(C)C4(O)C(=O)COC(C)=O,0.277018,0.032829,0.242099,0.448054,4,1.689210,0.198054,qdf
OCc1ccccc1,0.447502,0.433272,0.060487,0.058738,1,1.526946,0.197502,qdf
CCC1(CC)C(=O)NC(=O)N(C)C1=O,0.447499,0.155242,0.362106,0.035153,1,1.636787,0.197499,qdf
CCOc1ccccc1,0.082704,0.424113,0.447289,0.045894,3,1.545428,0.197289,qdf
CCCC(O)CC,0.430290,0.447061,0.050397,0.072252,2,1.533872,0.197061,qdf
NC(=O)c1ccccc1O,0.446350,0.433990,0.055892,0.063767,1,1.527883,0.196350,qdf
CC(C)OC=O,0.445918,0.098060,0.041681,0.414341,1,1.565838,0.195918,qdf
COc1ccccc1N(=O)=O,0.155775,0.035119,0.445240,0.363866,3,1.637996,0.195240,qdf
O=C1NC(=O)c2ccccc12,0.038220,0.445194,0.119285,0.397301,2,1.594753,0.195194,qdf
OC(C(=O)c1ccccc1)c2ccccc2,0.130210,0.037028,0.444918,0.387844,3,1.608842,0.194918,qdf
CC=CC=O,0.318585,0.203563,0.444515,0.033337,3,1.676740,0.194515,qdf
CC#N,0.032746,0.444373,0.253278,0.269603,2,1.693147,0.194373,qdf
COc2cnc1ncncc1n2,0.039565,0.407222,0.109606,0.443607,4,1.581958,0.193607,qdf
CCCCC#C,0.442721,0.437958,0.061660,0.057661,1,1.527291,0.192721,qdf
CCCCCCCC(=O)C,0.222566,0.032984,0.302229,0.442220,4,1.687105,0.192221,qdf
O(c1ccccc1)c2ccccc2,0.442172,0.355569,0.167759,0.034501,1,1.650665,0.192172,qdf
CCCCCCCCCCCCCCCCCCCC,0.441879,0.094372,0.042514,0.421235,1,1.561138,0.191879,qdf
Cc1ccccc1O,0.032731,0.249312,0.441116,0.276841,3,1.694890,0.191116,qdf
CC(C)=CCC/C(C)=C\CO,0.294545,0.231677,0.440915,0.032863,3,1.691047,0.190915,qdf
CN(C)C(=O)C(c1ccccc1)c2ccccc2,0.058472,0.060770,0.440099,0.440660,4,1.527146,0.190660,qdf
c1ccncc1,0.035469,0.374465,0.440185,0.149880,3,1.633007,0.190185,qdf
CCCCCC#C,0.271871,0.439773,0.032696,0.255660,2,1.696461,0.189773,qdf
c1ccc2c(c1)cc3ccc4cccc5ccc2c3c45,0.115529,0.406297,0.038703,0.439472,4,1.590511,0.189472,qdf
CCc1cccc2ccccc12,0.437715,0.033147,0.317758,0.211380,1,1.684148,0.187715,qdf
CCCC(C)(COC(N)=O)COC(N)=O,0.037796,0.401689,0.437681,0.122834,3,1.600509,0.187681,qdf
CC(C)C(C)C,0.034976,0.370401,0.436532,0.158092,3,1.642652,0.186532,qdf
c1ccc2ncccc2c1,0.436321,0.084772,0.045194,0.433713,1,1.548506,0.186321,qdf
c1cc2ccc3cccc4ccc(c1)c2c34,0.436197,0.280970,0.032686,0.250147,1,1.698098,0.186197,qdf
CC(C)C1CCC(C)CC1O,0.250673,0.280588,0.436056,0.032682,3,1.698263,0.186056,qdf
CCCC(=O)C,0.435585,0.228625,0.302924,0.032867,1,1.692856,0.185585,qdf
CC(=O)C3(C)CCC4C2C=C(C)C1=CC(=O)CCC1(C)C2CCC34C,0.434112,0.434112,0.087401,0.044375,1,1.551965,0.184112,qdf
Oc1cccc(c1)N(=O)=O,0.033688,0.433757,0.188852,0.343703,2,1.671178,0.183757,qdf
CCCC(O)CCC,0.035123,0.155421,0.375728,0.433728,4,1.640436,0.183728,qdf
Cc1cccc(c1)N(=O)=O,0.266860,0.433280,0.267241,0.032618,2,1.701247,0.183280,qdf
CC(=O)Nc1ccc(cc1)N(=O)=O,0.341773,0.193086,0.431584,0.033557,3,1.675042,0.181584,qdf
Nc1ccc(cc1)N(=O)=O,0.109845,0.429694,0.420936,0.039525,2,1.583344,0.179694,qdf
c2ccc1ocnc1c2,0.324902,0.033079,0.213096,0.428924,4,1.688745,0.178924,qdf
c2ccc1NCCc1c2,0.187162,0.033727,0.351736,0.427375,4,1.671775,0.177375,qdf
CCc1ccc(CC)cc1,0.426989,0.116338,0.418080,0.038592,1,1.592512,0.176989,qdf
CCCCC(=O)OC,0.033200,0.426135,0.206691,0.333973,2,1.686032,0.176135,qdf
CCNc1nc(NC(C)(C)C)nc(OC)n1,0.425834,0.033716,0.187393,0.353058,1,1.672375,0.175834,qdf
CC34CCC1C(CCc2cc(O)ccc12)C3CCC4(O)C#C,0.423876,0.111628,0.425243,0.039253,3,1.585934,0.175243,qdf
C=Cc1ccccc1,0.138205,0.400668,0.036306,0.424822,4,1.621639,0.174822,qdf
CCOCCOCC,0.423841,0.118567,0.419290,0.038303,1,1.595676,0.173841,qdf
COC(=O)Nc1cccc(OC(=O)Nc2cccc(C)c2)c1,0.423415,0.032531,0.278984,0.265069,1,1.707317,0.173415,qdf
COC(C)(C)CCCC(C)CC=CC(C)=CC(=O)OC(C)C,0.291549,0.032578,0.252643,0.423230,4,1.705826,0.173230,qdf
CN(C)c1nc(nc(n1)N(C)C)N(C)C,0.227803,0.316386,0.422996,0.032815,3,1.698262,0.172996,qdf
CC1CCCO1,0.260036,0.422346,0.285080,0.032537,2,1.707440,0.172346,qdf
COC(=O)c1ccc(O)cc1,0.133302,0.421984,0.036727,0.407987,2,1.615570,0.171984,qdf
CCC1(C(=O)NCNC1=O)c2ccccc2,0.036808,0.408945,0.421827,0.132420,3,1.614429,0.171827,qdf
O=C1NC(=O)NC(=O)C1(C)CC=C,0.335947,0.421504,0.209421,0.033128,2,1.689237,0.171504,qdf
CC(=O)Nc1ccc(O)cc1,0.218418,0.420690,0.327939,0.032953,2,1.694637,0.170690,qdf
COC(=O)c1cccnc1,0.420334,0.037922,0.121708,0.420035,1,1.600055,0.170334,qdf
Cc2cnc1cncnc1n2,0.419890,0.255789,0.291782,0.032539,1,1.708101,0.169890,qdf
C1CCc2ccccc2C1,0.173554,0.418521,0.373713,0.034213,2,1.661681,0.168521,qdf
Cc3cc2nc1c(=O)[nH]c(=O)nc1n(CC(O)C(O)C(O)CO)c2cc3C,0.032764,0.319770,0.417506,0.229960,3,1.701323,0.167506,qdf
CCC(C)C,0.366475,0.182780,0.416889,0.033857,3,1.670472,0.166889,qdf
CCNc1nc(NC(C)C)nc(OC)n1,0.416677,0.410858,0.135974,0.036490,1,1.619218,0.166677,qdf
CC(C)C(C)O,0.211174,0.033078,0.416517,0.339231,3,1.691821,0.166517,qdf
Cc1cccc2c1Cc3ccccc32,0.238884,0.415113,0.032646,0.313357,2,1.705752,0.165113,qdf
COC(=O)c1cc(O)c(O)c(O)c1,0.235267,0.413504,0.318548,0.032680,2,1.704995,0.163504,qdf
O=C2NC(=O)C1(CCC1)C(=O)N2,0.032874,0.221517,0.412424,0.333186,3,1.698952,0.162424,qdf
CCCC(=C)C,0.035253,0.152996,0.399670,0.412081,4,1.640377,0.162081,qdf
CCOc1ccc(cc1)C(C)(C)COCc3cccc(Oc2ccccc2)c3,0.032476,0.300562,0.410294,0.256669,3,1.712759,0.160294,qdf
CCCCOCCO,0.304510,0.409114,0.032487,0.253889,2,1.712630,0.159115,qdf
O=C1CCC(=O)N1,0.407752,0.033104,0.209017,0.350127,1,1.692630,0.157752,qdf
CCOC(=O)C,0.377390,0.182460,0.406292,0.033857,3,1.671694,0.156292,qdf
O=c1[nH]cnc2[nH]ncc12,0.391941,0.406147,0.034475,0.167436,2,1.656782,0.156147,qdf
COC(=O)C,0.153416,0.406012,0.035226,0.405345,2,1.641010,0.156012,qdf
CC/C=C\C,0.033461,0.405394,0.366402,0.194744,2,1.682470,0.155394,qdf
C1c2ccccc2c3ccc4ccccc4c13,0.405071,0.376502,0.184648,0.033779,1,1.673824,0.155071,qdf
CC(C)C1CCC(C)CC1=O,0.032894,0.219086,0.344652,0.403369,4,1.699929,0.153369,qdf
Oc1ccc(c(O)c1)c3oc2cc(O)cc(O)c2c(=O)c3O,0.401374,0.292369,0.273904,0.032354,1,1.719178,0.151374,qdf
O=C1NC(=O)C(N1)(c2ccccc2)c3ccccc3,0.167732,0.034460,0.400983,0.396825,3,1.657266,0.150983,qdf
Cc1ccc(cc1N(=O)=O)N(=O)=O,0.032413,0.259221,0.400784,0.307583,3,1.717111,0.150784,qdf
OC1CCCCC1,0.340036,0.400093,0.227120,0.032751,2,1.705167,0.150093,qdf
CC=C(C)C,0.175171,0.391363,0.034134,0.399333,4,1.665085,0.149333,qdf
NC(=O)NCc1ccccc1,0.373829,0.397671,0.033445,0.195055,2,1.683611,0.147671,qdf
Cc1ccccc1n3c(C)nc2ccccc2c3=O,0.397020,0.307187,0.032371,0.263422,1,1.719375,0.147020,qdf
c1ccccc1C(O)c2ccccc2,0.032313,0.281745,0.289160,0.396782,4,1.721660,0.146782,qdf
OCC(O)C(O)C(O)C(O)CO,0.187795,0.033668,0.383633,0.394904,4,1.677423,0.144904,qdf
C1CCCCCCC1,0.391816,0.226718,0.348725,0.032742,1,1.706559,0.141816,qdf
Cc1c[nH]c2ccccc12,0.032363,0.260925,0.315151,0.391561,4,1.720597,0.141561,qdf
CC(=O)CC(c1ccccc1)c3c(O)c2ccccc2oc3=O,0.390672,0.299172,0.277872,0.032284,1,1.723858,0.140672,qdf
CCC1(CCC(=O)NC1=O)c2ccccc2,0.390084,0.265188,0.032332,0.312397,1,1.722047,0.140084,qdf
Cc1ccc(O)cc1,0.236763,0.388356,0.342293,0.032589,2,1.712434,0.138356,qdf
c1ccoc1,0.387521,0.205141,0.374167,0.033171,1,1.692467,0.137521,qdf
Cc1ccccc1C,0.258092,0.322151,0.387388,0.032368,3,1.720984,0.137388,qdf
c1cc2ccc3ccc4ccc5ccc6ccc1c7c2c3c4c5c67,0.240160,0.032540,0.342156,0.385144,4,1.714605,0.135144,qdf
N(=Nc1ccccc1)c2ccccc2,0.383934,0.199521,0.033315,0.383229,1,1.687986,0.133934,qdf
c1ccnnc1,0.201029,0.383151,0.033275,0.382545,2,1.689256,0.133151,qdf
O=C1NC(=O)NC(=O)C1(C(C)C)CC=C(C)C,0.032243,0.383094,0.304953,0.279710,2,1.726644,0.133094,qdf
CCN(CC(C)=C)c1c(cc(cc1N(=O)=O)C(F)(F)F)N(=O)=O,0.032534,0.348050,0.239972,0.379444,4,1.715327,0.129444,qdf
O=C(c1ccccc1)c2ccccc2,0.032698,0.361222,0.228466,0.377614,4,1.709177,0.127614,qdf
NC(=O)c1cccnc1,0.246447,0.032451,0.375284,0.345818,3,1.718867,0.125284,qdf
O=C(Cn1ccnc1N(=O)=O)NCc2ccccc2,0.276098,0.316638,0.375039,0.032225,3,1.728311,0.125039,qdf
CCCOC=O,0.221400,0.374354,0.371427,0.032819,2,1.704752,0.124354,qdf
c1ccc2cc3ccccc3cc2c1,0.276498,0.317536,0.032220,0.373747,4,1.728682,0.123747,qdf
Cn1cnc2n(C)c(=O)[nH]c(=O)c12,0.331269,0.264003,0.372440,0.032287,3,1.725878,0.122440,qdf
CCOC=O,0.371308,0.285137,0.032182,0.311373,1,1.730564,0.121308,qdf
COc1ccc(cc1)C(O)(C2CC2)c3cncnc3,0.032448,0.246316,0.350083,0.371153,4,1.719210,0.121153,qdf
Nc1ccccc1N(=O)=O,0.262680,0.032294,0.370948,0.334078,3,1.725694,0.120948,qdf
CCCCC1(CC)C(=O)NC(=O)NC1=O,0.032707,0.370727,0.227782,0.368785,2,1.708990,0.120727,qdf
Cc1c[nH]c(=O)[nH]c1=O,0.363223,0.032599,0.369520,0.234659,3,1.713191,0.119520,qdf
CCc1ccc2ccccc2c1,0.258959,0.339633,0.032321,0.369087,4,1.724663,0.119087,qdf
COc1ccc(C=CC)cc1,0.283793,0.368971,0.315059,0.032178,2,1.730928,0.118970,qdf
O=C3CN=C(c1ccccc1)c2cc(ccc2N3)N(=O)=O,0.245545,0.353491,0.032455,0.368509,4,1.719026,0.118509,qdf
CC5(C)OC4CC3C2CCC1=CC(=O)C=CC1(C)C2(F)C(O)CC3(C)C4(O5)C(=O)CO,0.326158,0.278315,0.032185,0.363341,4,1.730991,0.113341,qdf
CC(C)O,0.032382,0.353260,0.362559,0.251799,3,1.722238,0.112559,qdf
CCCCCOC(=O)CC,0.319531,0.032152,0.362245,0.286072,3,1.732572,0.112245,qdf
CC12CCC(=O)C=C1CCC3C2CCC4(C)C3CCC4(O)C#C,0.032432,0.247293,0.360526,0.359750,3,1.720131,0.110526,qdf
C=C,0.278435,0.359711,0.329677,0.032178,2,1.731506,0.109711,qdf
CCN2c1nc(N(C)(CCO))ccc1NC(=O)c3cccnc23,0.257481,0.359550,0.032325,0.350645,2,1.724804,0.109550,qdf
CCC#CCC,0.357309,0.334664,0.275839,0.032188,1,1.731126,0.107309,qdf
CCCN(=O)=O,0.347465,0.315709,0.304745,0.032080,1,1.736655,0.097465,qdf
CC34CCc1c(ccc2cc(O)ccc12)C3CCC4=O,0.032069,0.308335,0.342880,0.316716,3,1.737357,0.092880,qdf
OC1CCCCCC1,0.291487,0.334092,0.342317,0.032104,3,1.735534,0.092318,qdf
CCC(=C)C,0.032122,0.338811,0.286892,0.342175,4,1.734596,0.092175,qdf
Fc1ccc(F)cc1,0.321288,0.306943,0.339704,0.032065,3,1.737583,0.089704,qdf
