smiles,w1,w2,w3,w4,top_slot,entropy_bits,top_minus_uniform,source
CCC(O)(CC)CC,0.075290,0.770233,0.079756,0.074721,2,1.141634,0.520233,qdf
CCCOCC,0.078256,0.069407,0.083280,0.769058,4,1.144751,0.519058,qdf
CCOCC,0.078720,0.768847,0.083596,0.068837,2,1.145312,0.518847,qdf
CCCCCC(=O)C,0.069895,0.075728,0.768744,0.085633,3,1.145550,0.518744,qdf
OC(Cn1cncn1)(c2ccc(F)cc2)c3ccccc3F,0.768308,0.078970,0.067790,0.084931,1,1.146739,0.518308,qdf
CC1CC2C3CCC4=CC(=O)C=CC4(C)C3(F)C(O)CC2(C)C1(O)C(=O)CO,0.091348,0.069418,0.072376,0.766857,4,1.150406,0.516857,qdf
CCCCCC(C)C,0.084103,0.084516,0.064694,0.766687,4,1.151079,0.516687,qdf
CCCCCCCC,0.094004,0.071795,0.068542,0.765660,4,1.153472,0.515660,qdf
CCCOC(=O)c1ccc(N)cc1,0.765479,0.078637,0.064486,0.091398,1,1.154145,0.515479,qdf
CN(C=Nc1ccc(C)cc1C)C=Nc2ccc(C)cc2C,0.093121,0.065695,0.075766,0.765419,4,1.154199,0.515419,qdf
CCCC(C)(C)O,0.084904,0.087241,0.062776,0.765079,4,1.155350,0.515078,qdf
c1ccc(cc1)c2ccc(cc2)c3ccccc3,0.764234,0.090108,0.083514,0.062144,1,1.157551,0.514234,qdf
CCCCC(CC)CO,0.763947,0.096281,0.065035,0.074737,1,1.157941,0.513947,qdf
c2ccc1ocnc1c2,0.061342,0.763654,0.088624,0.086381,2,1.159130,0.513654,qdf
CCC#CCC,0.078084,0.062247,0.762238,0.097431,3,1.162486,0.512238,qdf
CCCOC(=O)C,0.079584,0.762194,0.061660,0.096562,2,1.162685,0.512194,qdf
c1ccc2c(c1)ccc3ccccc32,0.762091,0.100418,0.065468,0.072023,1,1.162536,0.512091,qdf
Nc1cccc(c1)N(=O)=O,0.761505,0.064145,0.073459,0.100891,1,1.164079,0.511505,qdf
OCC(O)C(O)C(O)C(O)CO,0.078911,0.760659,0.060997,0.099432,2,1.166570,0.510659,qdf
CCC(CC)C=O,0.760549,0.101102,0.076302,0.062047,1,1.166670,0.510549,qdf
COC(=O)Nc1cccc(OC(=O)Nc2cccc(C)c2)c1,0.075110,0.760493,0.062618,0.101778,2,1.166728,0.510493,qdf
CCCCOc1ccc(C(=O)OCC)c(c1)N(CC)CC,0.084619,0.058893,0.759747,0.096741,3,1.169272,0.509747,qdf
CC34CCC1C(CCC2CC(O)CCC12C)C3CCC4=O,0.076875,0.102104,0.759691,0.061331,3,1.168879,0.509690,qdf
Cc1c[nH]c(=O)[nH]c1=O,0.066882,0.759432,0.068309,0.105377,2,1.169058,0.509432,qdf
N#Cc1ccccc1,0.067856,0.759188,0.067170,0.105785,2,1.169656,0.509188,qdf
CC12CC(O)C3C(CCC4=CC(=O)C=CC34C)C2CCC1(O)C(=O)CO,0.085559,0.097269,0.058266,0.758906,4,1.171490,0.508906,qdf
C=C,0.758859,0.094344,0.057794,0.089002,1,1.171751,0.508859,qdf
O=Cc1ccccc1,0.102109,0.059979,0.758809,0.079102,3,1.171282,0.508809,qdf
Cc1ccccc1N,0.058678,0.100429,0.082523,0.758370,4,1.172665,0.508370,qdf
CNC(=O)Oc1cccc2ccccc12,0.757987,0.087867,0.057441,0.096705,1,1.173973,0.507987,qdf
Cc1c(C)c(C)c(C)c(C)c1C,0.091519,0.093542,0.757855,0.057084,3,1.174418,0.507855,qdf
CCC(C)(C)C,0.100762,0.083597,0.757598,0.058043,3,1.174712,0.507598,qdf
O=C1NC(=O)NC(=O)C1(C)CC=C,0.107119,0.757435,0.062139,0.073307,2,1.174234,0.507435,qdf
c1(C(C)(C)C)cc(C(C)(C)C)cc(OC(=O)NC)c1,0.757152,0.060487,0.106199,0.076161,1,1.175179,0.507152,qdf
O2c1ccccc1N(CC)C(=O)c3ccccc23,0.056921,0.087372,0.756780,0.098927,3,1.177057,0.506780,qdf
CCC#N,0.075706,0.060535,0.756737,0.107022,3,1.176169,0.506737,qdf
CCC=O,0.088515,0.756381,0.098528,0.056575,2,1.178142,0.506381,qdf
c1ccoc1,0.755786,0.102078,0.056873,0.085263,1,1.179449,0.505786,qdf
CCCCCC(C)(C)O,0.062922,0.755769,0.071005,0.110304,2,1.178161,0.505769,qdf
Nc3cc2c1ccccc1ccc2c4ccccc34,0.080652,0.105558,0.058092,0.755697,4,1.179250,0.505697,qdf
c1ccc2c(c1)cnc3ccccc23,0.055361,0.092237,0.754503,0.097899,3,1.183133,0.504503,qdf
COC(=O)Nc2nc1ccc(cc1[nH]2)C(=O)c3ccccc3,0.754161,0.070705,0.112636,0.062498,1,1.182052,0.504161,qdf
CCCCCCCCCCCCCCCCO,0.103888,0.754069,0.056038,0.086006,2,1.183857,0.504069,qdf
COc1nc(NC(C)C)nc(NC(C)C)n1,0.752564,0.054356,0.096916,0.096164,1,1.188214,0.502564,qdf
Cc1cccnc1C,0.750941,0.092305,0.102820,0.053934,1,1.192245,0.500941,qdf
O=C1NC(=O)C(N1)(c2ccccc2)c3ccccc3,0.075702,0.115340,0.750569,0.058390,3,1.191263,0.500569,qdf
CC(=O)OC3(CCC4C2CCC1=CC(=O)CCC1C2CCC34C)C#C,0.069643,0.750545,0.062014,0.117798,2,1.190650,0.500545,qdf
CCCCCCC#C,0.111379,0.082566,0.750373,0.055682,3,1.192675,0.500373,qdf
CCOC(=O)CC(=O)OCC,0.107594,0.750100,0.054277,0.088029,2,1.194006,0.500100,qdf
CC(C)COC(=O)C,0.065640,0.749703,0.119520,0.065137,2,1.192456,0.499703,qdf
CCCCc1c(C)nc(NCC)[nH]c1=O,0.053597,0.091328,0.105462,0.749613,4,1.195530,0.499613,qdf
Nc1ncnc2nc[nH]c12,0.059731,0.072542,0.749322,0.118406,3,1.193852,0.499322,qdf
Nc1ccc(O)cc1,0.086523,0.110288,0.054240,0.748948,4,1.196693,0.498948,qdf
Cc1cccc(O)c1,0.063011,0.120398,0.748885,0.067705,3,1.194443,0.498885,qdf
CC34CCC1C(CCC2=CC(=O)CCC12O)C3CCC4(O)C#C,0.748332,0.088485,0.109523,0.053661,1,1.198450,0.498332,qdf
CC12CCC3C(CCC4=CC(=O)CCC34C)C2CCC1O,0.119891,0.072891,0.059174,0.748044,4,1.196929,0.498044,qdf
CN(C)c1ccccc1,0.085263,0.054280,0.112428,0.748029,4,1.198790,0.498029,qdf
C1CCCCCCC1,0.107863,0.053096,0.091134,0.747907,4,1.199783,0.497907,qdf
CC(C)c1ccccc1C,0.122875,0.746775,0.061509,0.068841,2,1.199467,0.496775,qdf
Fc1ccccc1,0.122722,0.060004,0.746421,0.070853,3,1.200500,0.496421,qdf
Cc1cccc(C)c1C,0.067373,0.125292,0.745112,0.062222,3,1.203217,0.495112,qdf
OC1CCCCCC1,0.095956,0.107811,0.744633,0.051600,3,1.208347,0.494633,qdf
CCOC(=O)C,0.051470,0.743967,0.095416,0.109148,2,1.209962,0.493967,qdf
CC34CC(O)C1(F)C(CCC2=CC(=O)CCC12C)C3CCC4(O)C(=O)CO,0.743939,0.126301,0.060451,0.069309,1,1.206094,0.493939,qdf
CC(C)(C)Cc1ccccc1,0.127531,0.064443,0.743554,0.064472,3,1.206690,0.493554,qdf
CC34CCc1c(ccc2cc(O)ccc12)C3CCC4=O,0.743445,0.051045,0.106461,0.099049,1,1.211502,0.493445,qdf
OC(C1=CC2C5C(C1C2=C(c3ccccc3)c4ccccn4)C(=O)NC5=O)(c6ccccc6)c7ccccn7,0.059886,0.069647,0.127962,0.742506,4,1.209430,0.492506,qdf
c1c(O)C2C(=O)C3cc(O)ccC3OC2cc1(OC),0.074680,0.056837,0.742197,0.126286,3,1.210904,0.492197,qdf
CCC(O)C(C)C,0.741903,0.064013,0.129605,0.064479,1,1.210444,0.491903,qdf
CCN2c1ccccc1N(C)C(=O)c3ccccc23,0.072073,0.127840,0.741887,0.058200,3,1.211186,0.491887,qdf
CCC(C)C(C)C,0.093775,0.051095,0.113452,0.741679,4,1.215425,0.491679,qdf
C1Cc2c3c1cccc3cc4c2ccc5ccccc54,0.128817,0.059170,0.070418,0.741596,4,1.211615,0.491596,qdf
CCCN(CCC)c1c(cc(cc1N(=O)=O)C(C)C)N(=O)=O,0.068238,0.741464,0.129624,0.060674,2,1.211657,0.491464,qdf
N#Cc1ccccc1C#N,0.740784,0.129224,0.071937,0.058055,1,1.213696,0.490784,qdf
FC(F)(F)c1ccccc1,0.740332,0.124306,0.081836,0.053527,1,1.216635,0.490332,qdf
CC/C=C\C,0.071718,0.740279,0.129917,0.058085,2,1.214814,0.490279,qdf
Cc1c2ccccc2c(C)c3ccccc13,0.049918,0.104109,0.739986,0.105987,3,1.220319,0.489985,qdf
CCCCCOC(=O)CC,0.055194,0.077138,0.739693,0.127975,3,1.217159,0.489693,qdf
C1c2ccccc2c3ccc4ccccc4c13,0.049777,0.101950,0.109061,0.739212,4,1.222182,0.489212,qdf
c1ccc(cc1)c2ccccc2,0.052070,0.123736,0.085635,0.738559,4,1.221558,0.488559,qdf
c2ccc1nc(ccc1c2)c4ccc3ccccc3n4,0.060975,0.738485,0.067049,0.133491,2,1.218272,0.488485,qdf
CC13CCC(=O)C=C1CCC4C2CCC(C(=O)CO)C2(CC(O)C34)C=O,0.129075,0.738445,0.077793,0.054687,2,1.220166,0.488445,qdf
CC4CC3C2CCC1=CC(=O)C=CC1(C)C2(F)C(O)CC3(C)C4(O)C(=O)COC(C)=O,0.051860,0.124057,0.738021,0.086063,3,1.222908,0.488021,qdf
Nc1cc[nH]c(=O)n1,0.100609,0.737803,0.112071,0.049517,2,1.225572,0.487803,qdf
CC=CC=O,0.049678,0.114067,0.098500,0.737756,4,1.225503,0.487756,qdf
CCCCCOC(=O)C,0.134939,0.061693,0.065930,0.737437,4,1.220526,0.487437,qdf
CCCCOC(=O)CCCCCCCCC(=O)OCCCC,0.108365,0.737253,0.049187,0.105195,2,1.227151,0.487253,qdf
c1c(NC(=O)OC(C)C(=O)NCC)cccc1,0.082621,0.127867,0.052647,0.736866,4,1.224860,0.486866,qdf
CCCOC(=O)CC,0.736794,0.098159,0.049507,0.115540,1,1.227799,0.486795,qdf
CCCCC,0.736640,0.054640,0.077174,0.131546,1,1.224156,0.486640,qdf
COc2ccc(Oc1ccc(NC(=O)N(C)C)cc1)cc2,0.120436,0.736403,0.093057,0.050104,2,1.228028,0.486403,qdf
Cn1cnc2n(C)c(=O)n(C)c(=O)c12,0.048989,0.104208,0.110483,0.736321,4,1.229426,0.486320,qdf
CCc1ccccc1CC,0.124491,0.089701,0.050529,0.735278,4,1.230065,0.485278,qdf
OCCOc1ccccc1,0.105113,0.111544,0.048598,0.734745,4,1.233336,0.484745,qdf
C1Cc2ccccc2C1,0.106251,0.110561,0.048542,0.734646,4,1.233620,0.484646,qdf
NC(=O)c1ccccc1O,0.734193,0.056958,0.137047,0.071802,1,1.228528,0.484193,qdf
CCCC(C)(C)C,0.107590,0.110199,0.048340,0.733872,4,1.235559,0.483872,qdf
CCCCCCCC(C)O,0.733164,0.058244,0.069488,0.139104,1,1.230391,0.483164,qdf
Cc1cccc2c1ccc3ccccc32,0.091368,0.126299,0.049749,0.732584,4,1.236686,0.482584,qdf
CC(C)C(C)O,0.730875,0.070057,0.057523,0.141545,1,1.235499,0.480875,qdf
CCC1(CC)C(=O)NC(=O)N(C)C1=O,0.049177,0.128784,0.092179,0.729860,4,1.243152,0.479860,qdf
NC(=O)N,0.110336,0.047356,0.112802,0.729505,4,1.246302,0.479505,qdf
OCC1OC(OC2C(O)C(O)C(O)OC2CO)C(O)C(O)C1O,0.088597,0.132252,0.729297,0.049854,3,1.243598,0.479297,qdf
CCCOC(C)C,0.728347,0.078560,0.052852,0.140241,1,1.243034,0.478347,qdf
OCC1OC(O)(CO)C(O)C1O,0.047869,0.124813,0.099101,0.728218,4,1.248301,0.478218,qdf
COc1ccc(C=CC)cc1,0.097480,0.048026,0.727883,0.126611,3,1.248793,0.477883,qdf
CCCC(O)C=C,0.077749,0.727151,0.053034,0.142066,2,1.245428,0.477151,qdf
C1c2ccccc2c3cc4ccccc4cc13,0.726229,0.146710,0.070358,0.056702,1,1.245575,0.476230,qdf
CNC(=O)Oc1ccccc1C2OCCO2,0.064662,0.726166,0.060908,0.148264,2,1.244879,0.476166,qdf
CC(=O)C1CCC2C3CCC4=CC(=O)CCC4(C)C3CCC12C,0.096689,0.129373,0.726061,0.047878,3,1.252834,0.476061,qdf
c1ccnnc1,0.048109,0.094760,0.131624,0.725507,4,1.253675,0.475507,qdf
O=C1NC(=O)c2ccccc12,0.050097,0.725177,0.139130,0.085596,2,1.252007,0.475177,qdf
CCc1cccc2ccccc12,0.143952,0.723947,0.051576,0.080525,2,1.253189,0.473947,qdf
C1=Cc2cccc3cccc1c23,0.051617,0.145924,0.079975,0.722484,4,1.256175,0.472484,qdf
CC(C)(C)CCO,0.722116,0.046111,0.123086,0.108688,1,1.263838,0.472116,qdf
CC(C)=CCCC(O)(C)C=C,0.098026,0.132966,0.047133,0.721875,4,1.262634,0.471875,qdf
O=C1NC(=O)NC(=O)C1(CC=C)c1ccccc1,0.721206,0.057978,0.067557,0.153259,1,1.255613,0.471206,qdf
O=C2CN(N=Cc1ccc(o1)N(=O)=O)C(=O)N2,0.151892,0.071954,0.055152,0.721002,4,1.256988,0.471002,qdf
CC(C)N(=O)=O,0.719865,0.070754,0.055729,0.153652,1,1.259058,0.469865,qdf
CC=C,0.098289,0.719515,0.135384,0.046812,2,1.267989,0.469515,qdf
c1ccc2c3c(ccc2c1)c4cccc5cccc3c45,0.045452,0.719201,0.113796,0.121550,2,1.271061,0.469202,qdf
c1cc(O)c(O)c2OCC3(O)CC4=CC(=O)C(O)=CC4=C3c21,0.050237,0.148013,0.718877,0.082873,3,1.264809,0.468877,qdf
CC(=O)OCC(=O)C3(O)CCC4C2CCC1=CC(=O)CCC1(C)C2C(=O)CC34C,0.057761,0.067413,0.156557,0.718269,4,1.261638,0.468269,qdf
CN(C)c1nc(nc(n1)N(C)C)N(C)C,0.717022,0.110396,0.045289,0.127294,1,1.275824,0.467022,qdf
CCCCC(O)CC,0.142289,0.094606,0.047047,0.716058,4,1.274614,0.466058,qdf
Oc1cccc2ccccc12,0.106378,0.045378,0.132909,0.715334,4,1.279054,0.465334,qdf
OC1CCCCC1,0.106817,0.132794,0.045309,0.715080,4,1.279704,0.465080,qdf
Nc1cc(nc(N)n1=O)N2CCCCC2,0.061872,0.160945,0.062146,0.715038,4,1.267643,0.465038,qdf
C=CC=C,0.136443,0.045710,0.715019,0.102828,3,1.279039,0.465019,qdf
Cc1ccccc1N(=O)=O,0.155432,0.714738,0.051506,0.078324,2,1.271929,0.464738,qdf
Cc1ccc(C)c(C)c1,0.053071,0.714384,0.157826,0.074718,2,1.271454,0.464384,qdf
CC(C)CCOC(=O)C,0.098996,0.140856,0.046115,0.714033,4,1.280260,0.464033,qdf
CC(C)C(C(=O)OC(C#N)c1cccc(Oc2ccccc2)c1)c3ccc(OC(F)F)cc3,0.044637,0.115521,0.125927,0.713915,4,1.283457,0.463915,qdf
CCOc1ccccc1,0.117364,0.125498,0.044421,0.712717,4,1.286337,0.462717,qdf
CCCCCCCCCC(=O)OC,0.117181,0.044310,0.126660,0.711849,4,1.288320,0.461849,qdf
c1cc2ccc3cccc4ccc(c1)c2c34,0.045911,0.143977,0.711434,0.098678,3,1.285799,0.461434,qdf
CCN2c1ccccc1N(C)C(=O)c3cccnc23,0.711245,0.061490,0.062131,0.165134,1,1.275161,0.461245,qdf
CC(C)C(C)C(C)C,0.115481,0.129734,0.710574,0.044211,3,1.291081,0.460574,qdf
C/C1CCC(\C)CC1,0.101802,0.142698,0.045344,0.710156,4,1.289426,0.460156,qdf
CC1(O)CCC2C3CCC4=CC(=O)CCC4(C)C3CCC21C,0.044546,0.709675,0.137072,0.108706,2,1.292081,0.459675,qdf
Oc1cccc(O)c1,0.709479,0.059338,0.166871,0.064311,1,1.278763,0.459479,qdf
Cc1c(cccc1N(=O)=O)N(=O)=O,0.709328,0.044792,0.140098,0.105782,1,1.292219,0.459328,qdf
CCC(C)C,0.070118,0.055118,0.165813,0.708951,4,1.280965,0.458951,qdf
c1ccccc1O,0.708535,0.057371,0.167393,0.066701,1,1.280974,0.458535,qdf
CCCCC#C,0.708177,0.155688,0.088427,0.047708,1,1.289156,0.458177,qdf
c1ccc2c(c1)c3ccccc3c4ccccc24,0.707981,0.103632,0.044909,0.143478,1,1.294600,0.457981,qdf
CCCN(CCC)c1c(cc(cc1N(=O)=O)C(F)(F)F)N(=O)=O,0.045597,0.147890,0.098650,0.707863,4,1.293405,0.457863,qdf
C=CCCC=C,0.135266,0.707717,0.044018,0.112999,2,1.297161,0.457717,qdf
Nc1ccccc1O,0.082406,0.160537,0.049432,0.707625,4,1.287935,0.457625,qdf
Nc1c(C)c[nH]c(=O)n1,0.048318,0.158275,0.707444,0.085962,3,1.289699,0.457444,qdf
CC1(C)C(C(=O)OC(C#N)c2cccc(Oc3ccccc3)c2)C1(C)C,0.109364,0.706999,0.139418,0.044219,2,1.298079,0.456999,qdf
Cc1ncc(N(=O)=O)n1CCO,0.163973,0.082030,0.049348,0.704649,4,1.293737,0.454648,qdf
CCC(C)CC,0.088663,0.047381,0.159385,0.704570,4,1.296595,0.454570,qdf
Oc1ccc(C=O)cc1,0.704246,0.155464,0.094180,0.046111,1,1.299396,0.454246,qdf
CC12CC(=O)C3C(CCC4=CC(=O)CCC34C)C2CCC1(O)C(=O)CO,0.129748,0.043133,0.123597,0.703523,4,1.307597,0.453523,qdf
CCCC/C=C/C,0.703052,0.056947,0.066702,0.173299,1,1.291553,0.453052,qdf
O=C1NC(=O)NC(=O)C1(C(C)C)CC=C,0.045333,0.153988,0.097831,0.702848,4,1.303597,0.452848,qdf
c1ccc2cc3ccccc3cc2c1,0.044737,0.151359,0.101442,0.702462,4,1.305621,0.452462,qdf
CC1(C)C2CCC1(C)C(=O)C2,0.134425,0.042951,0.701372,0.121252,3,1.312232,0.451372,qdf
C1CCCCC1,0.701133,0.078687,0.050351,0.169829,1,1.299252,0.451133,qdf
N(Nc1ccccc1)c2ccccc2,0.060886,0.176816,0.700506,0.061792,3,1.295740,0.450506,qdf
CC(=O)CCC1C(=O)N(N(C1=O)c2ccccc2)c3ccccc3,0.061663,0.177128,0.060990,0.700219,4,1.296273,0.450219,qdf
CC(=O)CC(c1ccccc1)c3c(O)c2ccccc2oc3=O,0.146571,0.699274,0.110753,0.043403,2,1.314963,0.449274,qdf
CC1(C)C2CCC1(C)C(O)C2,0.171916,0.078820,0.050173,0.699091,4,1.303241,0.449091,qdf
CN(C)C(=O)Oc1nc(nc(C)c1C)N(C)C,0.698541,0.102139,0.044347,0.154973,1,1.313938,0.448541,qdf
COC(=O)c1ccccc1OC2OC(COC3OCC(O)C(O)C3O)C(O)C(O)C2O,0.042498,0.138612,0.121834,0.697055,4,1.321744,0.447055,qdf
C#C,0.696837,0.094005,0.045645,0.163513,1,1.314247,0.446837,qdf
CCCC(C)C,0.042507,0.120431,0.140566,0.696497,4,1.322767,0.446497,qdf
CC(O)c1ccccc1,0.043165,0.110663,0.696150,0.150021,3,1.321480,0.446151,qdf
Cc1ccc(N)cc1,0.695852,0.115015,0.146358,0.042775,1,1.323161,0.445852,qdf
Cc1cccc2c(C)cccc12,0.109881,0.695729,0.151180,0.043210,2,1.322139,0.445729,qdf
CCCCCCCCC(=O)OC,0.061374,0.695308,0.060921,0.182397,2,1.305327,0.445308,qdf
c1ccccc1NC(=O)c2c(O)cccc2,0.694836,0.082536,0.048577,0.174052,1,1.312999,0.444836,qdf
CCCC(=C)C,0.042671,0.114594,0.148613,0.694122,4,1.326691,0.444122,qdf
COC(=O)c1cc(O)c(O)c(O)c1,0.042084,0.125038,0.139049,0.693829,4,1.329076,0.443829,qdf
CCCC,0.161609,0.044197,0.100847,0.693347,4,1.323931,0.443347,qdf
c1ccc2c(c1)c3cccc4ccc5cccc2c5c43,0.693071,0.041989,0.125860,0.139079,1,1.330792,0.443071,qdf
CCC(=C(CC)c1ccc(O)cc1)c2ccc(O)cc2,0.174216,0.047603,0.085279,0.692902,4,1.317937,0.442902,qdf
CCOC(=O)C=Cc1ccccc1,0.089297,0.691907,0.046443,0.172353,2,1.321719,0.441907,qdf
CCc1ccc2ccccc2c1,0.074863,0.691755,0.051481,0.181901,2,1.315323,0.441755,qdf
Oc1cccc2ncccc12,0.049758,0.078843,0.179673,0.691726,4,1.317130,0.441726,qdf
c1ccccc1(OC(=O)NC),0.049299,0.691717,0.178948,0.080036,2,1.317696,0.441717,qdf
CCc1ccccc1C,0.119834,0.146480,0.042119,0.691567,4,1.333140,0.441567,qdf
CCCCCCOC(=O)c1ccccc1C(=O)OCCCCCC,0.690936,0.093295,0.045455,0.170314,1,1.325429,0.440936,qdf
Cc1cccc2c1Cc3ccccc32,0.094030,0.169811,0.690865,0.045295,3,1.325900,0.440865,qdf
C1Cc2cccc3cccc1c23,0.128330,0.139180,0.690775,0.041715,3,1.335953,0.440775,qdf
Cc1ncnc2nccnc12,0.690615,0.187396,0.061145,0.060843,1,1.313783,0.440615,qdf
CNN,0.131646,0.690495,0.041635,0.136223,2,1.336742,0.440495,qdf
Cc1cc(C)cc(C)c1,0.073701,0.183873,0.051980,0.690447,4,1.317231,0.440447,qdf
CCCCCCCC=C,0.057248,0.065224,0.690226,0.187302,3,1.314924,0.440226,qdf
CCc1ccc(CC)cc1,0.081842,0.048561,0.179635,0.689962,4,1.321799,0.439962,qdf
C1(=O)NC(=O)NC(=O)C1(O)C2(O)C(=O)NC(=O)NC2(=O),0.055072,0.068186,0.187719,0.689024,4,1.317813,0.439024,qdf
c1cc2ccc3ccc4ccc5ccc6ccc1c7c2c3c4c5c67,0.133736,0.688869,0.041462,0.135934,2,1.340330,0.438869,qdf
O=C1NC(=O)NC(=O)C1(C(C)CCC)CC=C,0.070518,0.053610,0.187195,0.688677,4,1.319200,0.438677,qdf
O=N(=O)OCC(CON(=O)=O)ON(=O)=O,0.688560,0.099923,0.167448,0.044068,1,1.332936,0.438560,qdf
NC(=O)c1ccccc1,0.091423,0.688071,0.174778,0.045728,2,1.329991,0.438071,qdf
CCCCCCC(=O)OCC,0.065998,0.056520,0.189965,0.687517,4,1.319905,0.437517,qdf
O=C1NC(=O)NC(=O)C1(C(C)C)CC=C(C)C,0.075992,0.188657,0.684722,0.050629,3,1.328519,0.434722,qdf
O=c1[nH]cnc2nc[nH]c12,0.684688,0.089386,0.046066,0.179860,1,1.335275,0.434688,qdf
CCCCCO,0.684649,0.045620,0.091187,0.178544,1,1.336257,0.434649,qdf
Cc1ccc2c(ccc3ccccc32)c1,0.042390,0.110519,0.684203,0.162887,3,1.345545,0.434203,qdf
Cc1c(C)c2c3ccccc3ccc2c4ccccc14,0.684170,0.106473,0.042868,0.166490,1,1.344109,0.434170,qdf
o1c2ccccc2c3ccccc13,0.061267,0.060341,0.194505,0.683886,4,1.325588,0.433886,qdf
Cc1cc(C)cc(O)c1,0.057293,0.683313,0.064716,0.194678,2,1.326976,0.433313,qdf
CCCC=O,0.120413,0.041463,0.155150,0.682973,4,1.350921,0.432973,qdf
CCN2c1cc(N(C)C)cc(C)c1NC(=O)c3cccnc23,0.161910,0.682830,0.113226,0.042034,2,1.349156,0.432830,qdf
CCCc1ccccc1,0.192927,0.072743,0.682237,0.052093,3,1.331449,0.432237,qdf
CCCC(C)(COC(N)=O)COC(N)=O,0.101203,0.043484,0.681225,0.174089,3,1.347467,0.431225,qdf
Oc2ncc1nccnc1n2,0.113645,0.041900,0.681180,0.163275,3,1.352523,0.431181,qdf
CCCCC(C)O,0.197035,0.064427,0.057421,0.681117,4,1.330694,0.431117,qdf
CCCCCCCCCC(C)O,0.086044,0.046823,0.186093,0.681041,4,1.340158,0.431041,qdf
CCCCC1C(=O)N(N(C1=O)c2ccccc2)c3ccccc3,0.075883,0.050486,0.193549,0.680082,4,1.336619,0.430082,qdf
CNC(=O)Oc1cccc2CC(C)(C)Oc12,0.056410,0.680076,0.197839,0.065675,2,1.332738,0.430076,qdf
C1OC1c2ccccc2,0.129454,0.040643,0.677670,0.152233,3,1.363446,0.427670,qdf
CC1=C(CCCO1)C(=O)Nc2ccccc2,0.113445,0.167418,0.677421,0.041716,3,1.359714,0.427421,qdf
CC(O)C(C)(C)C,0.105827,0.677214,0.174354,0.042605,2,1.357042,0.427214,qdf
CC34CCC1C(CCC2=CC(=O)CCC12C)C3CCC4=O,0.675793,0.201732,0.054876,0.067598,1,1.340505,0.425793,qdf
CC(C)CC(C)C,0.200975,0.052617,0.071257,0.675151,4,1.342942,0.425151,qdf
CC(=O)OCC(=O)C1(O)CCC2C3CCC4=CC(=O)CCC4(C)C3C(O)CC21C,0.166617,0.041192,0.117561,0.674630,4,1.366479,0.424630,qdf
CCOC(=O)c1ccc(O)cc1,0.048872,0.197868,0.079209,0.674052,4,1.348666,0.424052,qdf
CN(C)C(=O)C,0.044905,0.092329,0.673832,0.188934,3,1.356360,0.423832,qdf
Cc1c(cc(cc1N(=O)=O)N(=O)=O)N(=O)=O,0.136002,0.040163,0.150228,0.673607,4,1.372541,0.423607,qdf
CCCCC1C(=O)N(N(C1=O)c2ccc(O)cc2)c3ccccc3,0.053741,0.069232,0.673430,0.203598,3,1.345007,0.423430,qdf
CCOC(C)OCC,0.040032,0.143710,0.143279,0.672979,4,1.374211,0.422979,qdf
OCCCC=C,0.672017,0.061570,0.059510,0.206903,1,1.345498,0.422017,qdf
C1CCCC1,0.671379,0.107766,0.178767,0.042088,1,1.368664,0.421379,qdf
CC1CC(C)C(=O)C(C1)C(O)CC2CC(=O)NC(=O)C2,0.128598,0.040268,0.160033,0.671101,4,1.376345,0.421101,qdf
CCC(C)(C)O,0.052306,0.071489,0.206371,0.669834,4,1.351848,0.419834,qdf
NC(=O)c1cccnc1,0.668740,0.050533,0.205814,0.074913,1,1.355268,0.418740,qdf
CCCC=C(CC)C=O,0.177365,0.041402,0.112539,0.668695,4,1.375666,0.418695,qdf
O=C(c1ccccc1)c2ccccc2,0.108574,0.041869,0.180964,0.668593,4,1.374082,0.418593,qdf
c1(C(=O)OCCCCCC(C)(C))c(C(=O)OCCCCCC(C)(C))cccc1,0.206074,0.050366,0.668316,0.075243,3,1.356130,0.418316,qdf
CC12CCC(CC1)C(C)(C)O2,0.041009,0.116083,0.174867,0.668040,4,1.378314,0.418040,qdf
O=C1c2ccccc2C(=O)c3ccccc13,0.119539,0.174075,0.665787,0.040599,3,1.383769,0.415787,qdf
CC(C)OC=O,0.665488,0.043183,0.099288,0.192041,1,1.374757,0.415488,qdf
O=C1CCC(=O)N1,0.664469,0.170564,0.124828,0.040139,1,1.388000,0.414469,qdf
N(c1ccccc1)c2ccccc2,0.181879,0.041185,0.112812,0.664123,4,1.384038,0.414123,qdf
Cc1cc(cc(N(=O)=O)c1O)N(=O)=O,0.075633,0.663835,0.210476,0.050055,2,1.363580,0.413835,qdf
Cc1ccncc1C,0.039539,0.135242,0.663202,0.162017,3,1.392990,0.413202,qdf
CCC(=O)OC,0.162581,0.039532,0.662906,0.134980,3,1.393509,0.412906,qdf
CCCCCCc1ccccc1,0.055396,0.066213,0.215589,0.662802,4,1.361077,0.412802,qdf
CCN2c1cc(OC)cc(C)c1NC(=O)c3cccnc23,0.662706,0.064617,0.056583,0.216094,1,1.360795,0.412706,qdf
Cc1occc1C(=O)Nc2ccccc2,0.195999,0.099275,0.043061,0.661665,4,1.381263,0.411665,qdf
Oc1ccc(O)cc1,0.206853,0.046472,0.085030,0.661645,4,1.372611,0.411645,qdf
c1cc2cccc3c4cccc5cccc(c(c1)c23)c54,0.039183,0.661546,0.152108,0.147162,2,1.397551,0.411546,qdf
Cc1ccc2ccccc2c1,0.217060,0.066359,0.055249,0.661332,4,1.363411,0.411332,qdf
CCOC(=O)c1ccc(N)cc1,0.074183,0.660930,0.214231,0.050655,2,1.367413,0.410930,qdf
CCCCOC,0.050161,0.215052,0.659632,0.075155,3,1.369966,0.409632,qdf
Oc1ccc(cc1)C2(OC(=O)c3ccccc23)c4ccc(O)cc4,0.212025,0.659174,0.081072,0.047728,2,1.374125,0.409174,qdf
CCC1CCCCC1,0.039250,0.165500,0.658681,0.136569,3,1.401853,0.408681,qdf
CC(C)C(C)(C)C,0.153865,0.658102,0.038947,0.149086,2,1.404438,0.408102,qdf
CC12CCC(=O)C=C1CCC3C2CCC4(C)C3CCC4(O)C#C,0.061131,0.657712,0.059430,0.221728,2,1.367928,0.407712,qdf
CCCC(=O)OC,0.041721,0.194536,0.106657,0.657085,4,1.393169,0.407085,qdf
CCCCO,0.656436,0.039048,0.165479,0.139037,1,1.406554,0.406436,qdf
Cc1ccccc1n3c(C)nc2ccccc2c3=O,0.106643,0.196981,0.654725,0.041651,3,1.397116,0.404725,qdf
CC(C)CCC(C)(C)C,0.653059,0.055800,0.065298,0.225842,1,1.375637,0.403059,qdf
CNc1ccccc1,0.225976,0.054796,0.066679,0.652549,4,1.376829,0.402549,qdf
CC5(C)OC4CC3C2CCC1=CC(=O)C=CC1(C)C2(F)C(O)CC3(C)C4(O5)C(=O)CO,0.047101,0.218409,0.652119,0.082371,3,1.385911,0.402119,qdf
COC(=O)c1ccc(O)cc1,0.099296,0.042783,0.652047,0.205874,3,1.397101,0.402047,qdf
COC(=O)c1ccccc1,0.131804,0.649454,0.179680,0.039062,2,1.417462,0.399454,qdf
Cc1cc(C)c2ccccc2c1,0.649102,0.044333,0.091694,0.214871,1,1.396757,0.399102,qdf
c2ccc1[nH]ccc1c2,0.075322,0.049799,0.647119,0.227761,3,1.388985,0.397119,qdf
Nc2cccc3nc1ccccc1cc23,0.647047,0.232556,0.057993,0.062404,1,1.383749,0.397047,qdf
CCCCCCC(=O)C,0.232149,0.066439,0.054830,0.646583,4,1.385442,0.396583,qdf
COc1ccc(C=O)cc1,0.046901,0.082596,0.224195,0.646309,4,1.394803,0.396309,qdf
CCCCCC1CCCC1,0.040109,0.197322,0.116999,0.645571,4,1.417853,0.395571,qdf
CCCC(C)(C)CO,0.214840,0.645213,0.043097,0.096849,2,1.406229,0.395213,qdf
O=C2NC(=O)C1(CCCCC1)C(=O)N2,0.644266,0.038524,0.178790,0.138420,1,1.428580,0.394266,qdf
CC(=O)C(C)(C)C,0.643832,0.038146,0.149861,0.168161,1,1.431636,0.393832,qdf
OCC3OC(OCC2OC(OC(C#N)c1ccccc1)C(O)C(O)C2O)C(O)C(O)C3O,0.173019,0.038251,0.145119,0.643610,4,1.431292,0.393610,qdf
CC(C)CCCO,0.072222,0.643211,0.233318,0.051249,2,1.392868,0.393211,qdf
c3ccc2nc1ccccc1cc2c3,0.060480,0.059643,0.641439,0.238438,3,1.391466,0.391439,qdf
O=C2NC(=O)C1(CCC1)C(=O)N2,0.641204,0.222799,0.091873,0.044124,1,1.408818,0.391204,qdf
c1ccc2c(c1)c3cccc4c3c2cc5ccccc54,0.063732,0.640891,0.056749,0.238628,2,1.392668,0.390891,qdf
OCC1OC(CO)(OC2OC(COC3OC(CO)C(O)C(O)C3O)C(O)C(O)C2O)C(O)C1O,0.166435,0.640289,0.037890,0.155386,2,1.438695,0.390289,qdf
CC(=O)C3(C)CCC4C2C=C(C)C1=CC(=O)CCC1(C)C2CCC34C,0.640131,0.040921,0.209872,0.109076,1,1.422043,0.390131,qdf
CC12CCC(O)CC1CCC3C2CCC4(C)C3CCC4=O,0.045260,0.638651,0.228704,0.087384,2,1.409327,0.388651,qdf
CCOC=O,0.047338,0.080932,0.233513,0.638217,4,1.405377,0.388217,qdf
CCCCCC,0.224123,0.638098,0.094277,0.043502,2,1.415107,0.388098,qdf
CCC(C)(C)CC,0.637669,0.222850,0.096459,0.043022,1,1.417298,0.387669,qdf
Cc1ccc(O)c(C)c1,0.079047,0.048034,0.235785,0.637134,4,1.405611,0.387134,qdf
CC(C)C(O)C(C)C,0.037729,0.154682,0.170906,0.636684,4,1.445186,0.386684,qdf
c1cccc2c3c(C)cc4ccccc4c3ccc12,0.635987,0.061996,0.058125,0.243892,1,1.399037,0.385987,qdf
CCC(CC)CO,0.212889,0.040530,0.111194,0.635388,4,1.430661,0.385388,qdf
CC(=O)Nc1ccc(F)cc1,0.074874,0.240030,0.049795,0.635300,4,1.405441,0.385300,qdf
Nc1nc(=O)[nH]cc1F,0.053248,0.243473,0.068497,0.634782,4,1.402676,0.384782,qdf
CCCCCC(=O)OCC,0.229392,0.044016,0.634765,0.091828,3,1.418142,0.384765,qdf
O=C1NC(=O)NC(=O)C1(CC)CC=C(C)C,0.043276,0.226955,0.095019,0.634750,4,1.420509,0.384750,qdf
CCCC(C)CO,0.038446,0.133448,0.193649,0.634458,4,1.443603,0.384458,qdf
CC(C)(C)c1ccc(O)cc1,0.129451,0.038689,0.198173,0.633687,4,1.443178,0.383687,qdf
CNC(=O)Oc1cccc(N=CN(C)C)c1,0.044425,0.232401,0.090095,0.633079,4,1.419245,0.383079,qdf
Oc1ccccn1,0.051890,0.070723,0.244667,0.632720,4,1.406536,0.382720,qdf
Cc1ccc(cc1N(=O)=O)N(=O)=O,0.632690,0.113126,0.040226,0.213957,1,1.435962,0.382690,qdf
CN(C)C(=O)Oc1cc(C)nn1c2ccccc2,0.109327,0.040716,0.217627,0.632331,4,1.434070,0.382331,qdf
CC1OC(CC(O)C1O)OC2C(O)CC(OC2C)OC8C(O)CC(OC7CCC3(C)C(CCC4C3CCC5(C)C(CCC45O)C6=CC(=O)OC6)C7)OC8C,0.631369,0.140272,0.190380,0.037979,1,1.451166,0.381369,qdf
O=C2NC(=O)C1(CCCCCC1)C(=O)N2,0.630650,0.041734,0.102556,0.225061,1,1.431882,0.380650,qdf
CC(=C)C1CC=C(C)C(=O)C1,0.037654,0.630641,0.147728,0.183977,2,1.454514,0.380641,qdf
c1ccccc1C(O)C(O)c2ccccc2,0.109105,0.040691,0.629517,0.220687,3,1.438078,0.379517,qdf
CCCCCCCCCO,0.110801,0.219366,0.040456,0.629378,4,1.439414,0.379378,qdf
Cc1c2ccccc2cc3ccccc13,0.037318,0.158028,0.176245,0.628409,4,1.460221,0.378409,qdf
CCCCCCCCCCCC(=O)OC,0.241586,0.046160,0.083900,0.628354,4,1.421102,0.378354,qdf
CCC1(C(C)C)C(=O)NC(=O)NC1=O,0.053599,0.067776,0.251149,0.627476,4,1.411988,0.377476,qdf
CCCCC=O,0.145725,0.037601,0.626940,0.189734,3,1.460170,0.376940,qdf
O=C1N(COC(=O)CCCCC)C(=O)C(N1)(c2ccccc2)c3ccccc3,0.037288,0.626368,0.155401,0.180944,2,1.463356,0.376368,qdf
Cc1ccccc1O,0.052273,0.626191,0.069896,0.251640,2,1.414662,0.376191,qdf
CCCCCCCC(=O)C,0.037279,0.155356,0.626128,0.181236,3,1.463757,0.376128,qdf
CCCCCCCCOC(=O)c1ccccc1C(=O)OCCCCCCCC,0.213802,0.121305,0.625715,0.039178,3,1.451373,0.375715,qdf
Nc1nc[nH]n1,0.253549,0.050676,0.072730,0.623044,4,1.420279,0.373044,qdf
c1ccc2c(c1)c3cccc4cccc2c34,0.131022,0.209031,0.038268,0.621680,4,1.462683,0.371680,qdf
CC(=O)Nc1ccc(cc1)N(=O)=O,0.236328,0.041756,0.101479,0.620438,4,1.445367,0.370438,qdf
Cc1ccc2cc(C)ccc2c1,0.620377,0.071636,0.051221,0.256766,1,1.422979,0.370377,qdf
Nc3nc(N)c2nc(c1ccccc1)c(N)nc2n3,0.080489,0.047238,0.619783,0.252489,3,1.429737,0.369783,qdf
CC(C)c1ccc(C)cc1O,0.233064,0.106280,0.619718,0.040939,3,1.449975,0.369718,qdf
CCCC(=O)C,0.036883,0.181345,0.162664,0.619107,4,1.476729,0.369107,qdf
CCCCCCCCCCCCCCCCCCCC,0.189775,0.154879,0.037019,0.618327,4,1.476653,0.368327,qdf
CCC(=O)CC,0.153348,0.191883,0.617724,0.037045,3,1.477263,0.367724,qdf
COC(=O)c1ccccc1C(=O)OC,0.040936,0.617694,0.106099,0.235272,2,1.452598,0.367694,qdf
O2c1ccc(N)cc1N(C)C(=O)c3cc(C)ccc23,0.036867,0.160197,0.185432,0.617504,4,1.479050,0.367504,qdf
OCc1ccccc1,0.041131,0.104856,0.617436,0.236577,3,1.452006,0.367436,qdf
OCC2OC(OC1(CO)OC(CO)C(O)C1O)C(O)C(O)C2O,0.044825,0.617080,0.087800,0.250295,2,1.438884,0.367080,qdf
COc1cc(cc(OC)c1O)C6C2C(COC2=O)C(OC4OC3COC(C)OC3C(O)C4O)c7cc5OCOc5cc67,0.043949,0.248558,0.091030,0.616464,4,1.442286,0.366464,qdf
CCN(CC)c1ccccc1,0.100150,0.241618,0.041942,0.616290,4,1.449871,0.366290,qdf
Cc1ccccc1C,0.116222,0.615726,0.228521,0.039530,2,1.462567,0.365726,qdf
CCCCCCC,0.042390,0.097828,0.244118,0.615665,4,1.448833,0.365665,qdf
Oc1ccc2ccccc2c1,0.095090,0.615573,0.042972,0.246366,2,1.446736,0.365573,qdf
CC(C)OC(=O)C,0.056906,0.615546,0.063067,0.264481,2,1.425167,0.365546,qdf
O2c1ccccc1N(C)C(=O)c3cccnc23,0.090502,0.044067,0.250361,0.615070,4,1.443632,0.365070,qdf
CCCCc1c(C)nc(nc1O)N(C)C,0.111833,0.233926,0.614188,0.040053,3,1.461587,0.364188,qdf
CCCCCC=C,0.265591,0.613133,0.067982,0.053294,2,1.429816,0.363133,qdf
CCC(C)C(=O)OC2CC(C)C=C3C=CC(C)C(CCC1CC(O)CC(=O)O1)C23,0.612264,0.268006,0.058201,0.061529,1,1.428760,0.362264,qdf
CCCCCCC(C)O,0.041506,0.612245,0.102239,0.244010,2,1.456815,0.362245,qdf
CC(C)(C)c1ccccc1,0.612077,0.097062,0.042503,0.248358,1,1.452824,0.362077,qdf
O=C1CNC(=O)N1,0.611673,0.037218,0.144668,0.206441,1,1.483890,0.361673,qdf
CCCCCCCCCC(=O)OCC,0.611481,0.265938,0.051343,0.071238,1,1.433523,0.361481,qdf
CCC1(C(=O)NC(=O)NC1=O)C2=CCCCC2,0.256849,0.086849,0.045035,0.611266,4,1.445367,0.361266,qdf
CCNc1nc(NC(C)C)nc(OC)n1,0.071941,0.610594,0.266511,0.050953,2,1.434993,0.360594,qdf
CCCCC(CC)C=O,0.258858,0.045504,0.610365,0.085274,3,1.445169,0.360365,qdf
CCCCCCCC#C,0.044399,0.609450,0.257129,0.089022,2,1.449391,0.359450,qdf
OCC1OC(C(O)C1O)n2cnc3c(O)ncnc23,0.074986,0.267126,0.049416,0.608473,4,1.439480,0.358473,qdf
O=C1NC(=O)NC(=O)C1(C(C)C)C(C)C,0.037786,0.133468,0.607100,0.221646,3,1.485252,0.357100,qdf
CCCCCCCCCCCCCCCC,0.262557,0.045606,0.606994,0.084843,3,1.448854,0.356994,qdf
O=N(=O)c1cccc2ccccc12,0.065014,0.272786,0.606914,0.055287,3,1.435772,0.356914,qdf
Cc1ccc(C)cc1,0.606163,0.255285,0.095859,0.042693,1,1.459182,0.356163,qdf
CCCOC,0.604305,0.036212,0.175922,0.183560,1,1.502444,0.354305,qdf
Cc1cc(C)c(C)cc1C,0.604086,0.267972,0.046860,0.081082,1,1.449171,0.354086,qdf
CC(C)O,0.048260,0.271568,0.602691,0.077481,3,1.447935,0.352691,qdf
C1CC=CC1,0.036383,0.602611,0.161245,0.199760,2,1.502942,0.352611,qdf
CCCCC(=O)OC,0.037032,0.218112,0.601123,0.143733,3,1.498879,0.351123,qdf
C1C(O)CCC2(C)CC3CCC4(C)C5(C)CC6OCC(C)CC6OC5CC4C3C=C21,0.064623,0.279139,0.055527,0.600711,4,1.442520,0.350711,qdf
CC(C)C=C,0.123873,0.600707,0.236937,0.038483,2,1.487992,0.350707,qdf
CCCCCCCCCCCCCCCO,0.241857,0.119192,0.038957,0.599995,4,1.485604,0.349995,qdf
CCCCCC#C,0.118791,0.038999,0.599833,0.242376,3,1.485516,0.349833,qdf
Cc1ccc(C)c2ccccc12,0.166704,0.036171,0.599439,0.197685,3,1.509002,0.349439,qdf
CCCC#C,0.036497,0.209544,0.599172,0.154787,3,1.506161,0.349172,qdf
OC1C(O)C(O)C(O)C(O)C1O,0.036117,0.196339,0.598843,0.168701,3,1.510289,0.348843,qdf
CCCCC(C)(O)CC,0.036815,0.218044,0.598278,0.146862,3,1.504308,0.348278,qdf
CC34CCC1C(CCc2cc(O)ccc12)C3CC(O)C4O,0.176477,0.035964,0.190434,0.597126,4,1.513991,0.347126,qdf
CC(=O)OCC(COC(=O)C)OC(=O)C,0.038110,0.597055,0.237506,0.127329,2,1.495061,0.347055,qdf
CC12CCC3C(CCc4cc(O)ccc34)C2CCC1O,0.036325,0.209013,0.596616,0.158046,3,1.510967,0.346616,qdf
NC(=O)NC1NC(=O)NC1=O,0.229178,0.596051,0.137456,0.037315,2,1.502612,0.346051,qdf
COc2c1occc1c(OC)c3c(=O)cc(C)oc23,0.104825,0.040871,0.258500,0.595804,4,1.479276,0.345804,qdf
O=C1N(COC(=O)CCCCCC)C(=O)C(N1)(c2ccccc2)c3ccccc3,0.051356,0.594944,0.282731,0.070970,2,1.451833,0.344944,qdf
CCC(C)C(=O)C,0.049723,0.074110,0.594729,0.281438,3,1.454167,0.344729,qdf
O=c2c(C3CCCc4ccccc43)c(O)c1ccccc1o2,0.236697,0.593420,0.037650,0.132233,2,1.502934,0.343420,qdf
c1ccccc1,0.592995,0.286824,0.055205,0.064975,1,1.450818,0.342995,qdf
Nc1ncnc2n(ccc12)C3OC(CO)C(O)C3O,0.271505,0.092821,0.043265,0.592408,4,1.472496,0.342408,qdf
CCCCCCCCC(=O)C,0.591904,0.077684,0.282317,0.048095,1,1.459854,0.341904,qdf
Oc1cccc(c1)N(=O)=O,0.104806,0.262975,0.040832,0.591387,4,1.484387,0.341387,qdf
CCC1(C(=O)NC(=O)NC1=O)c2ccccc2,0.061325,0.289319,0.058200,0.591157,4,1.451758,0.341157,qdf
c1cnc2c(c1)ccc3ncccc23,0.120045,0.590797,0.038748,0.250410,2,1.497658,0.340797,qdf
c1ccc2cc3cc4ccccc4cc3cc2c1,0.203848,0.035879,0.590702,0.169571,3,1.522707,0.340702,qdf
C1CCC2CCCCC2C1,0.589440,0.038015,0.127238,0.245307,1,1.504601,0.339440,qdf
CC(=O)c1ccccc1,0.038798,0.119379,0.588697,0.253126,3,1.499656,0.338697,qdf
CCOc1ccc(cc1)C(C)(C)COCc3cccc(Oc2ccccc2)c3,0.074433,0.588173,0.049526,0.287868,2,1.461213,0.338173,qdf
C1CCC=CC1,0.167912,0.035847,0.208295,0.587946,4,1.526326,0.337946,qdf
O=N(=O)c1cccc(c1)N(=O)=O,0.099113,0.271235,0.587808,0.041844,3,1.483289,0.337808,qdf
CC(C)C(C)C,0.076438,0.287854,0.048600,0.587108,4,1.463820,0.337108,qdf
CCCC(C)O,0.187615,0.035550,0.190881,0.585955,4,1.531984,0.335955,qdf
CCC(C)CCO,0.036605,0.585766,0.231095,0.146533,2,1.521058,0.335766,qdf
CCN2c1nc(N(C)(CCO))ccc1NC(=O)c3cccnc23,0.585504,0.273138,0.041722,0.099636,1,1.486273,0.335504,qdf
CCCC(O)CC,0.121529,0.038526,0.254640,0.585305,4,1.505334,0.335305,qdf
Cc1cccc(C)c1O,0.054410,0.584943,0.294644,0.066003,2,1.459316,0.334942,qdf
Cc1cccc(C)n1,0.257343,0.118908,0.038811,0.584938,4,1.503688,0.334938,qdf
O(c1ccccc1)c2ccccc2,0.173581,0.583913,0.035633,0.206873,2,1.533417,0.333913,qdf
CC(=O)OC3(CCC4C2C=C(C)C1=CC(=O)CCC1(C)C2CCC34C)C(C)=O,0.294348,0.583662,0.070355,0.051635,2,1.462903,0.333662,qdf
O=Cc2ccc1OCOc1c2,0.282622,0.582831,0.090856,0.043690,2,1.480889,0.332831,qdf
CCCCCCCCC=C,0.582653,0.101504,0.274499,0.041343,1,1.491056,0.332653,qdf
CCCC=C,0.047550,0.582589,0.290978,0.078883,2,1.470327,0.332589,qdf
C=Cc1ccccc1,0.268334,0.109702,0.581985,0.039978,3,1.499222,0.331985,qdf
CO,0.043222,0.282524,0.092682,0.581572,4,1.483899,0.331572,qdf
CC1CC2C3CC(F)C4=CC(=O)C=CC4(C)C3(F)C(O)CC2(C)C1(O)C(=O)CO,0.276683,0.041017,0.103150,0.579150,4,1.496285,0.329150,qdf
CCC#C,0.038945,0.579115,0.264667,0.117273,2,1.508925,0.329115,qdf
c1cc2ccc(OC)c(CC=C(C)(C))c2oc1=O,0.066899,0.053760,0.578726,0.300615,3,1.465665,0.328726,qdf
CCCCN(CC)c1c(cc(cc1N(=O)=O)C(F)(F)F)N(=O)=O,0.040840,0.578210,0.276830,0.104120,2,1.498171,0.328210,qdf
Cc1c2ccccc2c(C)c3ccc4ccccc4c13,0.038127,0.577133,0.260153,0.124587,2,1.517095,0.327133,qdf
Oc1ccccc1N(=O)=O,0.576900,0.084618,0.045462,0.293020,1,1.480958,0.326900,qdf
CC(C)c1ccccc1,0.041570,0.281921,0.576426,0.100084,3,1.496192,0.326426,qdf
Nc3ccc2cc1ccccc1cc2c3,0.216791,0.171729,0.035493,0.575987,4,1.544027,0.325987,qdf
c2ccc1NCCc1c2,0.162258,0.226489,0.035753,0.575499,4,1.541518,0.325499,qdf
C2c1ccccc1N(CCF)C(=O)c3ccccc23,0.035528,0.575164,0.219715,0.169594,2,1.544514,0.325164,qdf
O=C1NC(=O)NC(=O)C1(CC)CCC(C)C,0.130607,0.575024,0.256818,0.037551,2,1.524071,0.325024,qdf
Cc1cc(=O)n(c2ccccc2)n1C,0.301786,0.574461,0.074171,0.049582,2,1.474267,0.324461,qdf
CCCCCCCCCCO,0.574252,0.047406,0.079139,0.299203,1,1.478531,0.324252,qdf
OCC2OC(Oc1ccccc1CO)C(O)C(O)C2O,0.574230,0.084236,0.045572,0.295961,1,1.483148,0.324230,qdf
CCC(C)O,0.182541,0.574042,0.035257,0.208160,2,1.549050,0.324042,qdf
CCOCCOCC,0.036458,0.243465,0.146045,0.574032,4,1.535451,0.324032,qdf
CCCCCCCC(=O)OCC,0.090550,0.043715,0.573355,0.292380,3,1.489997,0.323355,qdf
CCCCCCCCC(=O)OCC,0.123870,0.038156,0.572617,0.265357,3,1.521502,0.322617,qdf
CC(=O)C1(O)CCC2C3CCC4=CC(=O)CCC4(C)C3CCC21C,0.305812,0.069628,0.052006,0.572554,4,1.472828,0.322554,qdf
COc1cc(CC=C)ccc1O,0.060930,0.058459,0.308206,0.572406,4,1.469496,0.322406,qdf
Cc1cccc2ccccc12,0.221450,0.571555,0.035407,0.171587,2,1.549907,0.321555,qdf
CCNc1ccccc1,0.040782,0.104168,0.570904,0.284146,3,1.505637,0.320904,qdf
CCCCOCCO,0.037618,0.129282,0.262943,0.570157,4,1.528476,0.320157,qdf
CCCCOC(=O)c1ccc(N)cc1,0.041870,0.289744,0.569997,0.098390,3,1.500894,0.319997,qdf
CC1CC2C3CCC(O)(C(=O)C)C3(C)CC(O)C2(F)C4(C)C=CC(=O)C=C14,0.308766,0.069580,0.052023,0.569631,4,1.475382,0.319631,qdf
CC12CCC3C(CCc4cc(O)ccc34)C2CCC1=O,0.038276,0.269990,0.569301,0.122433,3,1.523854,0.319301,qdf
CC(C)C1CCC(C)CC1=O,0.146421,0.248343,0.568865,0.036370,3,1.541776,0.318865,qdf
O=C1N(COC(=O)CC)C(=O)C(N1)(c2ccccc2)c3ccccc3,0.311548,0.063048,0.568813,0.056591,3,1.473040,0.318813,qdf
CC(C)C(=O)C,0.035049,0.205461,0.190696,0.568794,4,1.557423,0.318794,qdf
CCC(C)c1cc(cc(N(=O)=O)c1O)N(=O)=O,0.062331,0.311702,0.568773,0.057193,3,1.472895,0.318773,qdf
c1ccncc1,0.568645,0.088232,0.044326,0.298797,1,1.492151,0.318645,qdf
O=c2[nH]c(=O)c1[nH]c(=O)[nH]c1[nH]2,0.041294,0.568345,0.289104,0.101257,2,1.505298,0.318345,qdf
CC#N,0.568140,0.084218,0.302091,0.045550,1,1.488742,0.318140,qdf
CCCCCC=O,0.567920,0.065230,0.311960,0.054889,1,1.474566,0.317920,qdf
CC1CO1,0.045458,0.567834,0.084498,0.302211,2,1.489283,0.317834,qdf
CCN(CC(C)=C)c1c(cc(cc1N(=O)=O)C(F)(F)F)N(=O)=O,0.080515,0.567231,0.305409,0.046846,2,1.486110,0.317231,qdf
CCN(=O)=O,0.567149,0.092233,0.043252,0.297367,1,1.497467,0.317149,qdf
CC1CCCCC1NC(=O)Nc2ccccc2,0.038047,0.270364,0.124461,0.567128,4,1.527831,0.317128,qdf
C,0.053125,0.067780,0.313202,0.565893,4,1.477532,0.315893,qdf
CCC(=O)OC3CCC4C2CCC1=CC(=O)CCC1(C)C2CCC34C,0.086847,0.565767,0.302669,0.044717,2,1.493397,0.315767,qdf
CCCCCCCCCCCCCCO,0.041098,0.102199,0.564828,0.291874,3,1.509562,0.314828,qdf
Oc1ccc(cc1)N(=O)=O,0.040312,0.288826,0.564140,0.106722,3,1.514663,0.314140,qdf
O=C1CCCN1,0.298300,0.563463,0.042378,0.095860,2,1.504461,0.313463,qdf
CC(C)CC(C)(C)O,0.562692,0.156686,0.244848,0.035774,1,1.554731,0.312692,qdf
O=C1NC(=O)NC(=O)C1(CC)C(C)CCC,0.275088,0.124252,0.562628,0.038032,3,1.532277,0.312628,qdf
CN(C)C(=O)C(c1ccccc1)c2ccccc2,0.183628,0.034972,0.219590,0.561809,4,1.565788,0.311809,qdf
COC(C)(C)C,0.277694,0.038199,0.122572,0.561535,4,1.531920,0.311535,qdf
Cc1ccc(cc1)N(=O)=O,0.561050,0.200917,0.034810,0.203223,1,1.568804,0.311050,qdf
OC(Cn1cncn1)(Cn2cncn2)c3ccc(F)cc3F,0.056161,0.560943,0.319353,0.063543,2,1.479736,0.310943,qdf
CC(C)c1ccc(NC(=O)N(C)C)cc1,0.264013,0.036765,0.560411,0.138811,3,1.546094,0.310411,qdf
CCCCOCCCC,0.034785,0.559975,0.199357,0.205883,2,1.570256,0.309975,qdf
CC(C)Cc1ccccc1,0.087973,0.307999,0.559666,0.044362,3,1.499823,0.309666,qdf
CCCCCCC=C,0.289634,0.112291,0.039440,0.558636,4,1.525240,0.308636,qdf
O=C1N(COC(=O)C)C(=O)C(N1)(c2ccccc2)c3ccccc3,0.307494,0.043671,0.090453,0.558381,4,1.503423,0.308381,qdf
Cc1c[nH]c2ccccc12,0.188319,0.218696,0.558155,0.034831,3,1.571469,0.308155,qdf
CCN2c1ncccc1N(CC)C(=O)c3cccnc23,0.040496,0.105403,0.296039,0.558063,4,1.518974,0.308063,qdf
CC(=O)OC3(C)CCC4C2CCC1=CC(=O)CCC1(C)C2CCC34C,0.043672,0.307856,0.090444,0.558028,4,1.503714,0.308028,qdf
C1CCOC1,0.099592,0.300985,0.557859,0.041563,3,1.513250,0.307859,qdf
CCN2c1nc(C)cc(C)c1NC(=O)c3cccnc23,0.117715,0.038721,0.286649,0.556915,4,1.531997,0.306915,qdf
C1CCCCCC1,0.261443,0.556587,0.036275,0.145694,2,1.554954,0.306587,qdf
COC(C)(C)CCCC(C)CC=CC(C)=CC(=O)OC(C)C,0.042018,0.097349,0.555824,0.304810,3,1.512700,0.305824,qdf
OCC1OC(O)C(O)C(O)C1O,0.074039,0.049578,0.321103,0.555280,4,1.490465,0.305280,qdf
COc1ccccc1O,0.152864,0.257072,0.035853,0.554210,4,1.562076,0.304210,qdf
CCOc1ccc(NC(=O)C)cc1,0.097262,0.308302,0.042022,0.552414,4,1.515481,0.302414,qdf
CCOC(=O)c1cncn1C(C)c2ccccc2,0.035779,0.258740,0.551693,0.153788,3,1.565329,0.301693,qdf
COC(=O)c1cccnc1,0.064476,0.329050,0.055405,0.551069,4,1.487682,0.301069,qdf
O=c1[nH]cnc2[nH]ncc12,0.308592,0.041564,0.550417,0.099427,3,1.519405,0.300417,qdf
COc2c1occc1cc3ccc(=O)oc23,0.100573,0.308004,0.550086,0.041336,3,1.520882,0.300086,qdf
Oc1cccc2cccnc12,0.082241,0.046157,0.322194,0.549408,4,1.502392,0.299408,qdf
CCCC(=O)CC,0.548324,0.160714,0.255537,0.035425,1,1.572927,0.298324,qdf
CCN2c1nc(C)cc(C(F)(F)F)c1NC(=O)c3cccnc23,0.547486,0.035006,0.245492,0.172016,1,1.579366,0.297486,qdf
CC34CCC1C(=CCc2cc(O)ccc12)C3CCC4=O,0.048889,0.075452,0.328560,0.547099,4,1.497824,0.297099,qdf
CC(C)C,0.329500,0.546197,0.075386,0.048917,2,1.498422,0.296197,qdf
Cc1ccc(O)cc1,0.332656,0.545165,0.051086,0.071093,2,1.495737,0.295165,qdf
CN2C(=O)CN=C(c1ccccc1)c3cc(ccc23)N(=O)=O,0.042139,0.545093,0.316170,0.096598,2,1.520656,0.295093,qdf
CCO,0.253955,0.165884,0.544979,0.035182,3,1.579236,0.294979,qdf
Cc1ccc(cc1)c2ccccc2,0.317297,0.096004,0.544431,0.042269,3,1.520529,0.294431,qdf
CC(=O)OCC(=O)C3(O)CCC4C2CCC1=CC(=O)C=CC1(C)C2C(O)CC34C,0.036390,0.544292,0.142180,0.277137,2,1.564795,0.294292,qdf
CCCCCc1ccccc1,0.331460,0.543824,0.076150,0.048565,2,1.500786,0.293824,qdf
CCC(C)C1(CC=C)C(=O)NC(=O)NC1=O,0.050889,0.071442,0.335162,0.542508,4,1.497849,0.292508,qdf
O=C1NC(=O)NC(=O)C1(CC)CC=C,0.542424,0.035905,0.149753,0.271918,1,1.572118,0.292424,qdf
O=C1NC(=O)NC(=O)C1(CC=C)CC=C,0.325648,0.087618,0.542324,0.044409,3,1.513147,0.292324,qdf
Cc1cccc(c1)N(=O)=O,0.034397,0.541786,0.198370,0.225446,2,1.593733,0.291786,qdf
Cc1ccc2cc3ccccc3cc2c1,0.328080,0.085095,0.045179,0.541646,4,1.511004,0.291646,qdf
CN(C)C(=O)OC1=CC(=O)CC(C)(C)C1,0.131045,0.037234,0.541060,0.290661,3,1.558550,0.291060,qdf
CCCCC(C)(C)O,0.034227,0.215996,0.212572,0.537204,4,1.600654,0.287205,qdf
O=C1NC(=O)C(=O)C(=O)N1,0.205396,0.224305,0.034232,0.536067,4,1.601591,0.286067,qdf
NC(=O)NCc1ccccc1,0.236210,0.194761,0.034320,0.534709,4,1.601331,0.284709,qdf
C/C=C/C=O,0.534650,0.228032,0.203094,0.034223,1,1.602990,0.284650,qdf
CC34CC(O)C1(F)C(CCC2=CC(=O)C=CC12C)C3CC(O)C4(O)C(=O)CO,0.093676,0.533766,0.042778,0.329780,2,1.525754,0.283766,qdf
CC(=O)Nc1ccc(O)cc1,0.119263,0.308682,0.533644,0.038411,3,1.553467,0.283644,qdf
CCCCCCO,0.042238,0.095985,0.532907,0.328869,3,1.528907,0.282907,qdf
c1(O)c(C)ccc(C(C)C)c1,0.531995,0.348368,0.056129,0.063508,1,1.500156,0.281995,qdf
CCCCC(=O)CCCC,0.034150,0.228759,0.531632,0.205459,3,1.606862,0.281632,qdf
CC(=O)OCC(=O)C3(O)C(CC4C2CCC1=CC(=O)C=CC1(C)C2(F)C(O)CC34C)OC(C)=O,0.349419,0.061603,0.057740,0.531237,4,1.500106,0.281237,qdf
O=C2NC(=O)C1(CCCCCCC1)C(=O)N2,0.034161,0.231330,0.203306,0.531203,4,1.607043,0.281203,qdf
CC,0.172784,0.034783,0.530707,0.261726,3,1.597410,0.280707,qdf
COC(=O)C,0.237596,0.199312,0.528923,0.034168,3,1.608866,0.278923,qdf
CCCCCC(=O)OC,0.528526,0.048056,0.077252,0.346166,1,1.511848,0.278526,qdf
CCC1(CCC(C)C)C(=O)NC(=O)NC1=O,0.528447,0.345310,0.078853,0.047391,1,1.513435,0.278447,qdf
CC(C)CC(C)(C)C,0.205355,0.232371,0.034091,0.528183,4,1.610822,0.278183,qdf
CCC1(C(=O)NCNC1=O)c2ccccc2,0.034149,0.199672,0.238184,0.527994,4,1.609975,0.277994,qdf
c2ccc1[nH]ncc1c2,0.198404,0.527743,0.034162,0.239690,2,1.609964,0.277743,qdf
CC(=C)C,0.041915,0.527381,0.097393,0.333311,2,1.534196,0.277381,qdf
Nc1ccc(cc1)N(=O)=O,0.086378,0.526343,0.044745,0.342534,2,1.522546,0.276343,qdf
O=C1NC(=O)NC(=O)C1(CC)c1ccccc1,0.049231,0.074642,0.526048,0.350079,3,1.510937,0.276048,qdf
Oc1ccc(cc1)c2ccccc2,0.290437,0.525890,0.147775,0.035897,2,1.585590,0.275890,qdf
Cc1cncc(C)c1,0.034358,0.186139,0.525813,0.253690,3,1.608225,0.275813,qdf
Cc2cnc1cncnc1n2,0.113868,0.321454,0.039070,0.525608,4,1.553742,0.275608,qdf
Nc1nc(O)nc2nc[nH]c12,0.084510,0.525320,0.045334,0.344835,2,1.521149,0.275320,qdf
COc1ccccc1N(=O)=O,0.233186,0.523584,0.033982,0.209247,2,1.616579,0.273584,qdf
CC1=CCC(CC1)C(C)=C,0.355521,0.052261,0.523201,0.069017,3,1.508126,0.273201,qdf
O=C1NC(=O)NC(=O)C1(CC)C(C)CC,0.311558,0.037377,0.128465,0.522600,4,1.571000,0.272600,qdf
C(Cc1ccccc1)c2ccccc2,0.522236,0.134221,0.306686,0.036857,1,1.576794,0.272236,qdf
CC1=CCCCC1,0.277486,0.034953,0.521694,0.165866,3,1.601970,0.271694,qdf
CC1CCCCC1,0.306049,0.036739,0.135608,0.521605,4,1.578558,0.271605,qdf
COc1ncnc2nccnc12,0.102072,0.335464,0.521506,0.040957,3,1.543293,0.271506,qdf
N(=Nc1ccccc1)c2ccccc2,0.520949,0.174992,0.269445,0.034613,1,1.607879,0.270949,qdf
O=C1NC(=O)NC(=O)C1(CC)CC,0.351650,0.081400,0.046402,0.520548,4,1.520636,0.270548,qdf
CCN(CC)C(=O)C(C)Oc1cccc2ccccc12,0.313989,0.520297,0.128334,0.037380,2,1.572539,0.270297,qdf
CCCCCC(C)O,0.350775,0.083706,0.519927,0.045593,3,1.523429,0.269927,qdf
Cc1cc2c3ccccc3ccc2c4ccccc14,0.519448,0.209678,0.033912,0.236962,1,1.621209,0.269448,qdf
COc2cc1c(N)nc(nc1c(OC)c2OC)N3CCN(CC3)C(=O)OCC(C)(C)O,0.163750,0.035023,0.519278,0.281949,3,1.602728,0.269278,qdf
c1cncnc1,0.089591,0.347778,0.043799,0.518831,4,1.530574,0.268831,qdf
CC12CC(O)C3C(CCC4=CC(=O)CCC34C)C2CCC1(O)C(=O)CO,0.041410,0.099719,0.518762,0.340109,3,1.542274,0.268762,qdf
O=N(=O)c1ccc(cc1)N(=O)=O,0.146351,0.518661,0.035943,0.299045,2,1.590267,0.268661,qdf
O=C1N(COC(=O)CCC)C(=O)C(N1)(c2ccccc2)c3ccccc3,0.059557,0.362938,0.059661,0.517844,4,1.507355,0.267844,qdf
c1ccc2ncccc2c1,0.287478,0.159748,0.517582,0.035192,3,1.601441,0.267582,qdf
CCCCC(CC)COC(=O)c1ccccc1C(=O)OCC(CC)CCCC,0.043419,0.348483,0.090993,0.517105,4,1.533153,0.267105,qdf
c1(O)cc(O)ccc1CCCCCC,0.044958,0.085644,0.352298,0.517099,4,1.527119,0.267099,qdf
c1c(OC)c(OC)C2C(=O)OCC2c1,0.137250,0.516526,0.309641,0.036582,2,1.583835,0.266526,qdf
O2c1cc(C)ccc1N(C)C(=O)c3cc(N)cnc23,0.043722,0.516411,0.350008,0.089860,2,1.532246,0.266411,qdf
CN(C)C(=O)Nc1ccccc1,0.044568,0.086907,0.352508,0.516017,4,1.529119,0.266017,qdf
Oc1ccc(c(O)c1)c3oc2cc(O)cc(O)c2c(=O)c3O,0.515485,0.047946,0.077470,0.359099,1,1.519391,0.265485,qdf
c1ccc2c(c1)[nH]c3ccccc32,0.091296,0.043336,0.515135,0.350233,3,1.534601,0.265135,qdf
CN(C)C(=O)NC1CCCCCCC1,0.363467,0.069622,0.515021,0.051890,3,1.512863,0.265021,qdf
CCCOCCC,0.091838,0.514928,0.350038,0.043196,2,1.535342,0.264928,qdf
Nc1ccc(cc1)c2ccc(N)cc2,0.513985,0.299599,0.150770,0.035645,1,1.597498,0.263985,qdf
CC1CCCO1,0.265025,0.188567,0.512256,0.034152,3,1.622332,0.262256,qdf
Oc2cc(O)c1C(=O)CC(Oc1c2)c3ccc(O)c(O)c3,0.033731,0.233634,0.220430,0.512206,4,1.630299,0.262206,qdf
CCCCC(=O)OCC,0.511997,0.278784,0.034546,0.174673,1,1.615652,0.261997,qdf
NC(=O)c1cnccn1,0.365385,0.076183,0.509929,0.048503,3,1.520914,0.259929,qdf
Cc1cc(C)c(C)c(C)c1C,0.047452,0.364767,0.078644,0.509136,4,1.523728,0.259136,qdf
Cc3ccnc4N(C1CC1)c2ncccc2C(=O)Nc34,0.098900,0.350985,0.041557,0.508557,4,1.547090,0.258557,qdf
CCCCCCCC(=O)OC,0.042823,0.093284,0.355556,0.508337,4,1.540536,0.258337,qdf
CC(C)CO,0.038670,0.116440,0.506620,0.338270,3,1.568678,0.256620,qdf
NNc1ccccc1,0.374249,0.506516,0.060520,0.058715,2,1.512756,0.256516,qdf
CNC(=O)Oc1ccc(N(C)C)c(C)c1,0.033809,0.505262,0.258532,0.202397,2,1.633856,0.255262,qdf
CN(C(=O)NC(C)(C)c1ccccc1)c2ccccc2,0.033828,0.201228,0.259700,0.505245,4,1.633506,0.255245,qdf
O=c2[nH]c1CCCc1c(=O)n2C3CCCCC3,0.504833,0.044918,0.085723,0.364526,1,1.533439,0.254833,qdf
CCC(=O)C,0.045563,0.083741,0.504618,0.366078,3,1.531303,0.254618,qdf
O=C3CN=C(c1ccccc1)c2cc(ccc2N3)N(=O)=O,0.504387,0.361263,0.090934,0.043416,1,1.539711,0.254387,qdf
Cc1cc2ccccc2cc1C,0.310768,0.150955,0.502701,0.035576,3,1.605778,0.252701,qdf
CN(C)C(=O)Nc1cccc(c1)C(F)(F)F,0.168468,0.034707,0.502316,0.294509,3,1.619520,0.252316,qdf
O=C1NC(=O)NC(=O)C1(C)C,0.366907,0.044453,0.501408,0.087232,3,1.536743,0.251408,qdf
CN(=O)=O,0.034618,0.500999,0.170517,0.293867,2,1.621888,0.250999,qdf
CCCCCCCCC,0.034392,0.176721,0.287927,0.500960,4,1.625847,0.250960,qdf
CNC(=O)Oc1ccccc1C(C)C,0.047816,0.077746,0.499694,0.374744,3,1.527022,0.249694,qdf
C/C1CCCCC1\C,0.080366,0.374394,0.046766,0.498474,4,1.530272,0.248474,qdf
COc2ncc1nccnc1n2,0.117027,0.346522,0.497877,0.038574,3,1.574119,0.247877,qdf
O=C(Cn1ccnc1N(=O)=O)NCc2ccccc2,0.172328,0.296600,0.034520,0.496552,4,1.626371,0.246552,qdf
COC=O,0.382247,0.070230,0.496000,0.051523,3,1.521640,0.246000,qdf
CC(=O)OC3CCC4C2CCC1=CC(=O)CCC1(C)C2CCC34C,0.125379,0.494675,0.037594,0.342352,2,1.585282,0.244675,qdf
c2c(C)cc1nc(C)ccc1c2,0.309829,0.494184,0.034995,0.160993,2,1.619743,0.244184,qdf
Cc2c(N)c(=O)n(c1ccccc1)n2C,0.046792,0.379148,0.080290,0.493770,4,1.532048,0.243770,qdf
C=CC#N,0.493545,0.068741,0.385302,0.052413,1,1.521434,0.243545,qdf
CCC=C,0.255502,0.033473,0.218053,0.492972,4,1.649182,0.242972,qdf
CC(=O)Nc1ccccc1,0.370877,0.042704,0.093696,0.492723,4,1.548198,0.242723,qdf
c1cc2ccc3ccc4ccc5cccc6c(c1)c2c3c4c56,0.379731,0.490816,0.083983,0.045470,2,1.537293,0.240816,qdf
O=N(=O)c1ccccc1N(=O)=O,0.049068,0.385652,0.490353,0.074927,3,1.527769,0.240353,qdf
Cc1cc(C)c(O)c(C)c1,0.161169,0.034966,0.313853,0.490012,4,1.622567,0.240012,qdf
CC(C)CCO,0.489705,0.194537,0.281947,0.033811,1,1.644068,0.239705,qdf
CCC1(CCC(=O)NC1=O)c2ccccc2,0.059725,0.059480,0.394988,0.485807,4,1.520304,0.235807,qdf
CC(C)COC=O,0.260406,0.033365,0.220545,0.485684,4,1.656180,0.235684,qdf
CCCOC=O,0.395168,0.485610,0.058865,0.060356,2,1.520393,0.235610,qdf
CCCCNC(=O)n1c(NC(=O)OC)nc2ccccc12,0.033425,0.266509,0.214702,0.485365,4,1.655028,0.235365,qdf
c1cc(C)cc2c1c3cc4cccc5CCc(c45)c3cc2,0.485129,0.360834,0.038783,0.115254,1,1.577991,0.235129,qdf
CN(C)c2c(C)n(C)n(c1ccccc1)c2=O,0.208797,0.272652,0.485048,0.033503,3,1.653474,0.235048,qdf
Oc2ccc1ncccc1c2,0.484960,0.119832,0.357009,0.038199,1,1.583558,0.234960,qdf
COc1ccc(cc1)C(O)(C2CC2)c3cncnc3,0.061909,0.057443,0.483276,0.397372,3,1.521320,0.233276,qdf
CC(=O)C3CCC4C2CC=C1CC(O)CCC1(C)C2CCC34C,0.039623,0.482922,0.109435,0.368019,2,1.571719,0.232922,qdf
O=C(Nc1ccccc1)Nc2ccccc2,0.102222,0.375041,0.481874,0.040863,3,1.563019,0.231874,qdf
Oc1ccncc1,0.480705,0.033246,0.257696,0.228353,1,1.661922,0.230705,qdf
CCCCCCCCCCCCO,0.397489,0.051221,0.070752,0.480539,4,1.527063,0.230539,qdf
c1ccc2ccccc2c1,0.479925,0.272019,0.033372,0.214685,1,1.659443,0.229925,qdf
CCCCC=C,0.245221,0.241933,0.479663,0.033184,3,1.664028,0.229663,qdf
c1ccc2c(c1)ccc3c2ccc4c5ccccc5ccc43,0.332891,0.479487,0.152213,0.035409,2,1.620772,0.229487,qdf
CC34CCC1C(CCc2cc(O)ccc12)C3CCC4(O)C#C,0.038711,0.115716,0.478594,0.366979,3,1.581171,0.228594,qdf
CCC,0.477966,0.034161,0.179432,0.308441,1,1.643583,0.227966,qdf
CCCCOC=O,0.353403,0.477416,0.132303,0.036877,2,1.601221,0.227416,qdf
CC(C)CC(C)O,0.033647,0.197729,0.291447,0.477178,4,1.654753,0.227178,qdf
c1ccccc1C(O)c2ccccc2,0.476737,0.293419,0.033680,0.196164,1,1.654273,0.226737,qdf
OC(C(=O)c1ccccc1)c2ccccc2,0.088219,0.476399,0.044144,0.391238,2,1.547052,0.226399,qdf
Cn2c(=O)n(C)c1ncn(CC(O)CO)c1c2=O,0.373540,0.039355,0.111135,0.475970,4,1.576404,0.225970,qdf
C1OC(O)C(O)C(O)C1O,0.360798,0.475786,0.125917,0.037498,2,1.594553,0.225786,qdf
CCN(CC)c1c(cc(c(N)c1N(=O)=O)C(F)(F)F)N(=O)=O,0.286953,0.203995,0.033506,0.475546,4,1.658786,0.225546,qdf
O=N(=O)c1ccccc1,0.033161,0.259996,0.475096,0.231747,3,1.667208,0.225096,qdf
COCC(=O)N(C(C)C(=O)OC)c1c(C)cccc1C,0.045492,0.474887,0.395727,0.083894,2,1.542205,0.224887,qdf
Cn2cc(c1ccccc1)c(=O)c(c2)c3cccc(c3)C(F)(F)F,0.151103,0.338683,0.035462,0.474751,4,1.622070,0.224751,qdf
c1ccc2cnccc2c1,0.037682,0.474560,0.363573,0.124185,2,1.592975,0.224560,qdf
CCCCC(C)CC,0.122426,0.473695,0.037877,0.366002,2,1.591187,0.223695,qdf
C(c1ccccc1)c2ccccc2,0.389992,0.042603,0.473356,0.094049,3,1.555265,0.223356,qdf
ON=Cc1ccc(o1)N(=O)=O,0.196469,0.296744,0.473138,0.033649,3,1.656828,0.223138,qdf
CCCCC(=O)C,0.067928,0.052921,0.472450,0.406700,3,1.526900,0.222450,qdf
CCOC(=O)c1ccccc1,0.472162,0.267894,0.226778,0.033166,1,1.668689,0.222162,qdf
CCCCOC(=O)c1ccccc1C(=O)OCCCC,0.033165,0.226869,0.472128,0.267839,3,1.668735,0.222128,qdf
O=C1N(C2CCC(=O)NC2=O)C(=O)c3ccccc13,0.250803,0.033078,0.244075,0.472044,4,1.670946,0.222044,qdf
CC2=CC(=O)c1ccccc1C2=O,0.374014,0.472008,0.115207,0.038771,2,1.582876,0.222008,qdf
CCOC(=O)NCCOc2ccc(Oc1ccccc1)cc2,0.054074,0.066210,0.471845,0.407870,3,1.525933,0.221846,qdf
CCCC(=O)OCC,0.188161,0.033857,0.306175,0.471807,4,1.652959,0.221807,qdf
CC34CC(=O)C1C(CCC2=CC(=O)CCC12C)C3CCC4(=O),0.123138,0.037792,0.367968,0.471102,4,1.592980,0.221102,qdf
CN(C)C(=O)Nc1cccc(OC(=O)NC(C)(C)C)c1,0.470228,0.319541,0.034247,0.175985,1,1.645629,0.220228,qdf
NC(N)=NC#N,0.399969,0.084658,0.045237,0.470136,4,1.544296,0.220136,qdf
Cn1c(=O)n(C)c2nc[nH]c2c1=O,0.133655,0.469968,0.359635,0.036741,2,1.605752,0.219968,qdf
CC/C=C/C,0.094955,0.392715,0.469944,0.042386,3,1.557346,0.219944,qdf
Cc1ccnc(C)c1,0.051508,0.469678,0.070245,0.408568,2,1.529222,0.219678,qdf
O=C2NC(=O)C1(CC1)C(=O)N2,0.382308,0.469402,0.039750,0.108540,2,1.575184,0.219402,qdf
CCCC(C)(O)CC,0.035060,0.157808,0.338110,0.469022,4,1.631095,0.219022,qdf
c1cC2C(=O)NC(=O)C2cc1,0.033917,0.185610,0.468990,0.311483,3,1.653014,0.218990,qdf
O=C1N(COC(=O)CCCC)C(=O)C(N1)(c2ccccc2)c3ccccc3,0.033035,0.241738,0.468099,0.257128,3,1.674171,0.218099,qdf
OC1CCCCCCC1,0.467338,0.073228,0.049893,0.409541,1,1.532307,0.217338,qdf
COCOC,0.466874,0.088499,0.400568,0.044059,1,1.549795,0.216874,qdf
CC23Cc1cnoc1C=C2CCC4C3CCC5(C)C4CCC5(O)C#C,0.061407,0.414232,0.057887,0.466473,4,1.525018,0.216473,qdf
CC(C)=CCC/C(C)=C\CO,0.413584,0.054431,0.466279,0.065705,3,1.526711,0.216279,qdf
CC1=CC(=O)CC(C)(C)C1,0.464695,0.403383,0.044319,0.087603,1,1.549124,0.214695,qdf
CC(C)OC(C)C,0.087548,0.464456,0.044336,0.403661,2,1.549103,0.214456,qdf
c3ccc2c(O)c1ccccc1cc2c3,0.226907,0.464409,0.033092,0.275592,2,1.674584,0.214409,qdf
CC1OC(CC(O)C1O)OC2C(O)CC(OC2C)OC8C(O)CC(OC7CCC3(C)C(CCC4C3CC(O)C5(C)C(CCC45O)C6=CC(=O)OC6)C7)OC8C,0.463980,0.341948,0.159095,0.034977,1,1.634542,0.213980,qdf
C1N(C(=O)NCC(C)C)C(=O)NC1,0.070777,0.051204,0.462625,0.415394,3,1.530919,0.212625,qdf
Cc1cc(no1)C(=O)NNCc2ccccc2,0.035713,0.462393,0.146727,0.355167,2,1.622917,0.212393,qdf
c1ccc2c(c1)ccc3c4ccccc4ccc23,0.240106,0.032972,0.461929,0.264993,3,1.678936,0.211929,qdf
Cn1cnc2n(C)c(=O)[nH]c(=O)c12,0.046422,0.411358,0.081241,0.460979,4,1.542021,0.210979,qdf
CCCCCCCCCCCCCCCCCCO,0.460634,0.414943,0.075739,0.048684,1,1.535944,0.210634,qdf
C=CC=O,0.281867,0.033084,0.460506,0.224543,3,1.676691,0.210506,qdf
CCCN(=O)=O,0.156990,0.460168,0.347762,0.035081,2,1.634123,0.210168,qdf
Nc1cccc2ccccc12,0.420465,0.055522,0.459772,0.064241,3,1.526954,0.209772,qdf
c1(OC)ccc(CC=C)cc1,0.283179,0.459653,0.224086,0.033082,2,1.677134,0.209653,qdf
CCOC(=O)N,0.409621,0.458450,0.087615,0.044314,2,1.550278,0.208450,qdf
CCCC(O)CCC,0.399955,0.458331,0.100542,0.041172,2,1.567338,0.208331,qdf
CCCCCCCO,0.082825,0.045853,0.413357,0.457965,4,1.544382,0.207965,qdf
CC3C2CCC1(C)C=CC(=O)C(=C1C2OC3=O)C,0.048884,0.457771,0.418041,0.075303,2,1.535894,0.207771,qdf
C1CCc2ccccc2C1,0.418719,0.048644,0.456811,0.075826,3,1.536561,0.206811,qdf
CCC(C)CO,0.405341,0.097392,0.041828,0.455440,4,1.563636,0.205440,qdf
CCN2c1ncccc1N(C)C(=O)c3cccnc23,0.033122,0.218576,0.455272,0.293030,3,1.678084,0.205272,qdf
CC(C)=CCCC(C)=CC(=O),0.318950,0.192308,0.455082,0.033660,3,1.664802,0.205082,qdf
CCC(C)(C)CO,0.301403,0.454527,0.210829,0.033242,2,1.675287,0.204527,qdf
Cc1ccccc1,0.076958,0.420418,0.454484,0.048140,3,1.538049,0.204484,qdf
CC(C)CC(=O)C,0.078347,0.047551,0.420285,0.453817,4,1.539663,0.203817,qdf
CCCCCC(O)CC,0.033635,0.192971,0.319869,0.453524,4,1.665997,0.203524,qdf
CC(C)C1CCC(C)CC1O,0.453110,0.120008,0.038137,0.388744,1,1.594190,0.203110,qdf
CCOC(=O)c1ccccc1C(=O)OCC,0.391067,0.453062,0.117409,0.038462,2,1.590827,0.203062,qdf
CCC1(C(=O)NC(=O)NC1=O)C2=CCC3CCC2C3,0.036669,0.134183,0.452419,0.376729,3,1.611984,0.202419,qdf
Oc1ccccc1O,0.033046,0.451524,0.293186,0.222244,2,1.681714,0.201524,qdf
O=C(C=CC=Cc2ccc1OCOc1c2)N3CCCCC3,0.107061,0.403010,0.449950,0.039979,3,1.577604,0.199950,qdf
c1nccc(C(=O)NN)c1,0.186622,0.033806,0.449779,0.329793,3,1.663414,0.199779,qdf
CCC(=C)C,0.105165,0.449565,0.404966,0.040303,2,1.575089,0.199565,qdf
Oc2ccc1CCCCc1c2,0.329280,0.188439,0.448536,0.033746,3,1.665249,0.198536,qdf
CCOc1ccc(NC(N)=O)cc1,0.034614,0.165569,0.352198,0.447619,4,1.646866,0.197619,qdf
CC=C(C(=CC)c1ccc(O)cc1)c2ccc(O)cc2,0.391411,0.037752,0.123276,0.447562,4,1.599537,0.197562,qdf
COC(=O)C=C,0.046708,0.080474,0.425743,0.447075,4,1.542739,0.197075,qdf
CCCC1C(=O)N3N(C1=O)c2cc(C)ccc2N=C3N(C)C,0.042923,0.417600,0.092704,0.446772,4,1.558469,0.196772,qdf
O=c1cc[nH]c(=O)[nH]1,0.431803,0.446467,0.070193,0.051537,2,1.532066,0.196467,qdf
O=C1NC(=O)NC(=O)C1(CC)C(C)C,0.445830,0.076665,0.429238,0.048267,1,1.538450,0.195830,qdf
CCNc1nc(NC(C)(C)C)nc(OC)n1,0.445727,0.248385,0.273112,0.032776,1,1.691716,0.195727,qdf
CCCCc1ccccc1,0.040109,0.444886,0.106279,0.408726,2,1.577244,0.194886,qdf
Fc1ccc(F)cc1,0.144155,0.375856,0.035863,0.444126,4,1.625673,0.194126,qdf
CC(C)C(=O)C(C)C,0.037766,0.123122,0.396760,0.442352,4,1.600239,0.192352,qdf
COc1ccccc1OCC(O)COC(N)=O,0.036655,0.442207,0.134223,0.386915,2,1.614330,0.192207,qdf
CC(C)=CC3C(C(=O)OCc2cccc(Oc1ccccc1)c2)C3(C)C,0.357763,0.441250,0.166426,0.034561,2,1.649692,0.191250,qdf
C1CCOCC1,0.434056,0.077453,0.440565,0.047925,3,1.539528,0.190565,qdf
C1C=CCC=C1,0.032846,0.232694,0.439940,0.294519,3,1.691908,0.189940,qdf
CNC(=O)Oc1ccccc1OC(C)C,0.033838,0.341624,0.439863,0.184676,3,1.665881,0.189863,qdf
CCC(C(CC)c1ccc(O)cc1)c2ccc(O)cc2,0.032913,0.301003,0.226679,0.439406,4,1.690167,0.189406,qdf
CC(=C)C=C,0.438589,0.102662,0.417993,0.040756,1,1.572838,0.188589,qdf
CC12CCC3C(CCC4=CC(=O)CCC34C)C2CCC1C(=O)CO,0.134874,0.390502,0.036594,0.438030,4,1.615869,0.188030,qdf
CC(=C)C(=C)C,0.342607,0.185562,0.438027,0.033804,3,1.667214,0.188027,qdf
O=C1NC(=O)NC(=O)C1(C)CC,0.045486,0.083890,0.436570,0.434054,3,1.547371,0.186570,qdf
c2cnc1ncncc1n2,0.431022,0.090407,0.435050,0.043521,3,1.556005,0.185050,qdf
CC12CC(O)C3C(CCC4=CC(=O)CCC34C)C2CCC1C(=O)CO,0.350538,0.433227,0.182334,0.033901,2,1.666173,0.183227,qdf
C1c2ccccc2c3ccccc13,0.107882,0.039838,0.419478,0.432802,4,1.580471,0.182802,qdf
COc5cc4OCC3Oc2c1CC(Oc1ccc2C(=O)C3c4cc5OC)C(C)=C,0.190246,0.033642,0.432337,0.343775,3,1.672694,0.182337,qdf
Cc1cccc(N)c1,0.431739,0.112219,0.039166,0.416876,1,1.586587,0.181739,qdf
CCCC(=O)CCC,0.132719,0.036783,0.400440,0.430058,4,1.614216,0.180058,qdf
O=C1CCCCC1,0.117889,0.414036,0.429685,0.038390,3,1.594541,0.179685,qdf
C1CCC=CCC1,0.295751,0.242789,0.428778,0.032682,3,1.700758,0.178778,qdf
CC(C)(C)CO,0.032647,0.246111,0.293899,0.427343,4,1.702318,0.177343,qdf
COc2cnc1cncnc1n2,0.427072,0.032578,0.258668,0.281682,1,1.704634,0.177072,qdf
CCc1ccc(C)cc1,0.408328,0.037298,0.127398,0.426976,4,1.607543,0.176976,qdf
CC34CCC1C(CCC2CC(=O)CCC12C)C3CCC4O,0.426390,0.032552,0.271783,0.269275,1,1.705702,0.176390,qdf
CCCCC(=O)OC3(C(C)CC4C2CCC1=CC(=O)C=CC1(C)C2(F)C(O)CC34C)C(=O)CO,0.425315,0.116043,0.038630,0.420011,1,1.592139,0.175315,qdf
CC2(C)C1CCC(C)(C1)C2=O,0.216211,0.033008,0.425294,0.325486,3,1.691806,0.175294,qdf
CCCCC1(CC)C(=O)NC(=O)NC1=O,0.170914,0.034331,0.370913,0.423842,4,1.658206,0.173842,qdf
CC#C,0.315365,0.032809,0.423393,0.228433,3,1.698368,0.173393,qdf
CCC(C)(O)CC,0.421302,0.038064,0.120509,0.420124,1,1.598395,0.171302,qdf
Nc2nc1[nH]cnc1c(=O)[nH]2,0.220875,0.327195,0.419024,0.032905,3,1.696493,0.169024,qdf
CCCO,0.182761,0.033860,0.364598,0.418782,4,1.670098,0.168782,qdf
CN(C)C(=O)NC1CC2CC1C3CCCC23,0.220794,0.032905,0.327623,0.418678,4,1.696570,0.168678,qdf
COC(=O)C1=C(C)NC(=C(C1c2ccccc2N(=O)=O)C(=O)OC)C,0.034856,0.159974,0.386659,0.418511,4,1.647757,0.168511,qdf
CCCCCCCCO,0.035359,0.151325,0.394959,0.418357,4,1.638034,0.168357,qdf
Cc2ncc1nccnc1n2,0.344321,0.204863,0.417597,0.033219,3,1.687464,0.167597,qdf
c2ccc1[nH]nnc1c2,0.227134,0.417234,0.322830,0.032802,2,1.700163,0.167234,qdf
CC(C)c1ccc(C)cc1,0.417118,0.212297,0.337529,0.033057,1,1.692328,0.167118,qdf
Nc1ccccc1,0.032726,0.317722,0.232663,0.416889,4,1.702689,0.166889,qdf
COc1ccccc1,0.250309,0.032538,0.303214,0.413939,4,1.709717,0.163939,qdf
O=Cc1ccco1,0.032598,0.413571,0.310906,0.242924,2,1.707736,0.163571,qdf
c1ccc2c(c1)cc3ccc4cccc5ccc2c3c45,0.413404,0.165243,0.386769,0.034583,1,1.653934,0.163404,qdf
CN(C)C(=O)N(C)C,0.220932,0.413323,0.332858,0.032886,2,1.698370,0.163323,qdf
Fc1cccc(F)c1,0.151236,0.035363,0.401228,0.412173,4,1.638299,0.162173,qdf
O=C2NC(=O)C1(CCCC1)C(=O)N2,0.383071,0.411733,0.034322,0.170874,2,1.659922,0.161733,qdf
CC(=O)OCC(=O)C3CCC4C2CCC1=CC(=O)CCC1(C)C2CCC34C,0.033542,0.410264,0.192181,0.364013,2,1.679624,0.160264,qdf
CCc1ccccc1,0.410243,0.164640,0.034611,0.390505,1,1.653550,0.160243,qdf
CCOC(=O)Nc2cccc(OC(=O)Nc1ccccc1)c2,0.148332,0.406525,0.409591,0.035552,3,1.634871,0.159591,qdf
C=CCC=C,0.158451,0.034934,0.407169,0.399445,3,1.646850,0.157170,qdf
COc2cnc1ncncc1n2,0.268772,0.032399,0.292389,0.406439,4,1.716407,0.156440,qdf
OCC(O)C(O)CO,0.032486,0.406092,0.309423,0.251998,2,1.713336,0.156092,qdf
CC=C(C)C,0.404866,0.286711,0.276050,0.032373,1,1.717730,0.154866,qdf
Nc1ccccc1N(=O)=O,0.215824,0.403771,0.347449,0.032956,2,1.697864,0.153771,qdf
COc1ccc(cc1)N(=O)=O,0.299020,0.265417,0.403170,0.032392,3,1.717374,0.153170,qdf
CC(C)CCOC=O,0.398336,0.274639,0.032334,0.294690,1,1.720541,0.148336,qdf
OCC(O)CO,0.215883,0.032941,0.355745,0.395432,4,1.699395,0.145432,qdf
Cn1ccc(=O)[nH]c1=O,0.276518,0.394710,0.032309,0.296463,2,1.722187,0.144710,qdf
Cc3cc2nc1c(=O)[nH]c(=O)nc1n(CC(O)C(O)C(O)CO)c2cc3C,0.394007,0.317775,0.255810,0.032408,1,1.718485,0.144007,qdf
Cc1cccc(C)c1,0.248339,0.326869,0.392325,0.032467,3,1.716512,0.142325,qdf
CCc1ccccn1,0.032462,0.248782,0.392271,0.326485,3,1.716686,0.142271,qdf
CCCOC(=O)CCC,0.032281,0.392157,0.284629,0.290933,2,1.723712,0.142157,qdf
CNC(=O)Oc1cc(C)cc(C)c1,0.032597,0.391948,0.236714,0.338741,2,1.711730,0.141948,qdf
CCCC1CCCC1,0.355349,0.032828,0.390297,0.221525,3,1.703702,0.140297,qdf
CC1CCCC1,0.032994,0.366130,0.387967,0.212909,3,1.698225,0.137967,qdf
CCOC(=O)CC,0.384568,0.209446,0.033068,0.372917,1,1.695906,0.134568,qdf
CCCCCCCCCCCCCCCCCCCCCCCCCC,0.383897,0.232391,0.351069,0.032643,1,1.710848,0.133897,qdf
CC34CCC1C(CC=C2CC(O)CCC12C)C3CCC4=O,0.032249,0.278442,0.305585,0.383724,4,1.726293,0.133724,qdf
Fc1c[nH]c(=O)[nH]c1=O,0.032492,0.380510,0.343533,0.243465,2,1.716846,0.130510,qdf
c1ccc2cc3c4cccc5cccc(c3cc2c1)c45,0.032918,0.370831,0.216401,0.379850,4,1.701161,0.129850,qdf
O=C1N(COC(=O)CCCCCCC)C(=O)C(N1)(c2ccccc2)c3ccccc3,0.032434,0.379234,0.339791,0.248541,2,1.719249,0.129234,qdf
CCCCCCCCCCCCCC,0.351521,0.378797,0.237111,0.032570,2,1.713948,0.128797,qdf
CCC(O)CC,0.032193,0.278998,0.320647,0.368162,4,1.730308,0.118162,qdf
O=N(=O)c1cc(cc(c1)N(=O)=O)N(=O)=O,0.307854,0.294006,0.365995,0.032145,3,1.732639,0.115995,qdf
O=C1NC(=O)C(=O)N1,0.270200,0.364699,0.332869,0.032232,2,1.728803,0.114699,qdf
CC(=O)N,0.255311,0.032346,0.361320,0.351023,3,1.723827,0.111320,qdf
CCOC=C,0.326893,0.297445,0.343575,0.032087,3,1.736401,0.093575,qdf
Cc1ccc(O)cc1C,0.309753,0.032069,0.343463,0.314715,3,1.737332,0.093463,qdf
